code,name,nav_date,unit_nav,source,source_conflict,error,checked_at,days_since_nav,stale_warning,freshness_status,retry_count
000218,国泰黄金ETF联接A,2026-09-30,3.2708,eastmoney:pingzhongdata,False,,2026-10-08T19:06:15+08:00,8,True,delayed_or_holiday,2
000311,景顺长城沪深300指数增强A,2026-09-30,2.678,eastmoney:pingzhongdata,False,,2026-10-08T19:06:12+08:00,8,True,delayed_or_holiday,2
000480,东方红新动力混合A,2026-09-30,6.123,eastmoney:pingzhongdata,False,,2026-10-08T19:06:17+08:00,8,True,delayed_or_holiday,2
000628,大成高鑫股票A,2026-09-30,4.8233,eastmoney:pingzhongdata,False,,2026-10-08T19:06:24+08:00,8,True,delayed_or_holiday,2
001061,华夏收益债券(QDII)A,2026-09-29,1.4188,eastmoney:pingzhongdata,False,,2026-10-08T19:06:26+08:00,9,True,delayed_or_holiday,2
003547,鹏华丰禄债券,2026-09-30,1.0503,eastmoney:pingzhongdata,False,,2026-10-08T19:06:22+08:00,8,True,delayed_or_holiday,2
005051,摩根标普港股通低波红利指数A,2026-09-30,1.2456,eastmoney:pingzhongdata,False,,2026-10-08T19:06:04+08:00,8,True,delayed_or_holiday,2
005613,摩根富时发达市场REITs指数(QDII)人民币A,2026-09-29,1.4407,eastmoney:pingzhongdata,False,,2026-10-08T19:06:21+08:00,9,True,delayed_or_holiday,2
006594,博道中证500增强C,2026-09-30,2.4551,eastmoney:pingzhongdata,False,,2026-10-08T19:06:15+08:00,8,True,delayed_or_holiday,2
007721,天弘标普500发起(QDII-FOF)A,2026-09-29,2.2444,eastmoney:pingzhongdata,False,,2026-10-08T19:06:13+08:00,9,True,delayed_or_holiday,2
007722,天弘标普500发起(QDII-FOF)C,2026-09-29,2.2025,eastmoney:pingzhongdata,False,,2026-10-08T19:06:25+08:00,9,True,delayed_or_holiday,2
007751,景顺长城沪港深红利成长低波指数A,2026-09-30,1.234,eastmoney:pingzhongdata,False,,2026-10-08T19:06:26+08:00,8,True,delayed_or_holiday,2
008163,南方标普红利低波50ETF联接A,2026-09-30,1.0491,eastmoney:pingzhongdata,False,,2026-10-08T19:06:06+08:00,8,True,delayed_or_holiday,2
008928,宏利消费红利指数A,2026-09-30,1.3765,eastmoney:pingzhongdata,False,,2026-10-08T19:06:14+08:00,8,True,delayed_or_holiday,2
010771,天弘国证消费100指数增强发起A,2026-09-30,1.0056,eastmoney:pingzhongdata,False,,2026-10-08T19:06:12+08:00,8,True,delayed_or_holiday,2
013127,汇添富恒生科技ETF联接发起式(QDII)A,2026-09-30,0.6694,eastmoney:pingzhongdata,False,,2026-10-08T19:06:14+08:00,8,True,delayed_or_holiday,2
013308,易方达恒生科技ETF联接(QDII)A,2026-09-30,1.0106,eastmoney:pingzhongdata,False,,2026-10-08T19:06:08+08:00,8,True,delayed_or_holiday,2
016452,南方纳斯达克100指数发起(QDII)A,2026-09-29,2.3393,eastmoney:pingzhongdata,False,,2026-10-08T19:06:13+08:00,9,True,delayed_or_holiday,2
016532,嘉实纳斯达克100ETF发起联接(QDII)A人民币,2026-09-30,2.2262,eastmoney:pingzhongdata,False,,2026-10-08T19:06:20+08:00,8,True,delayed_or_holiday,2
017091,景顺长城纳斯达克科技ETF联接(QDII)A人民币,2026-09-29,2.9758,eastmoney:pingzhongdata,False,,2026-10-08T19:06:17+08:00,9,True,delayed_or_holiday,2
017423,天弘中证同业存单AAA指数7天持有,2026-10-08,1.0718,eastmoney:pingzhongdata,False,,2026-10-08T19:05:43+08:00,0,False,recent,0
017436,华宝纳斯达克精选股票发起式(QDII)A,2026-09-30,2.4191,eastmoney:pingzhongdata,False,,2026-10-08T19:06:10+08:00,8,True,delayed_or_holiday,2
017437,华宝纳斯达克精选股票发起式(QDII)C,2026-09-30,2.3867,eastmoney:pingzhongdata,False,,2026-10-08T19:06:20+08:00,8,True,delayed_or_holiday,2
017641,摩根标普500指数(QDII)人民币A,2026-09-29,1.6974,eastmoney:pingzhongdata,False,,2026-10-08T19:06:15+08:00,9,True,delayed_or_holiday,2
017644,博道中证1000指数增强A,2026-09-30,1.6979,eastmoney:pingzhongdata,False,,2026-10-08T19:06:06+08:00,8,True,delayed_or_holiday,2
017937,易方达中证医疗ETF联接发起式A,2026-09-30,0.7838,eastmoney:pingzhongdata,False,,2026-10-08T19:06:07+08:00,8,True,delayed_or_holiday,2
018043,天弘纳斯达克100指数发起(QDII)A,2026-09-29,2.0792,eastmoney:pingzhongdata,False,,2026-10-08T19:06:21+08:00,9,True,delayed_or_holiday,2
018044,天弘纳斯达克100指数发起(QDII)C,2026-09-29,2.0613,eastmoney:pingzhongdata,False,,2026-10-08T19:06:21+08:00,9,True,delayed_or_holiday,2
018099,方正富邦中证保险C,2026-09-30,1.043,eastmoney:pingzhongdata,False,,2026-10-08T19:06:22+08:00,8,True,delayed_or_holiday,2
019118,景顺长城纳斯达克科技ETF联接(QDII)E人民币,2026-09-29,2.9547,eastmoney:pingzhongdata,False,,2026-10-08T19:06:22+08:00,9,True,delayed_or_holiday,2
019172,摩根纳斯达克100指数(QDII)人民币A,2026-09-29,1.7899,eastmoney:pingzhongdata,False,,2026-10-08T19:06:21+08:00,9,True,delayed_or_holiday,2
019260,富国恒生红利ETF联接A,2026-09-30,1.2318,eastmoney:pingzhongdata,False,,2026-10-08T19:06:21+08:00,8,True,delayed_or_holiday,2
019441,万家纳斯达克100指数发起式(QDII)A,2026-09-29,1.7252,eastmoney:pingzhongdata,False,,2026-10-08T19:06:18+08:00,9,True,delayed_or_holiday,2
019442,万家纳斯达克100指数发起式(QDII)C,2026-09-29,1.7138,eastmoney:pingzhongdata,False,,2026-10-08T19:06:15+08:00,9,True,delayed_or_holiday,2
019524,华泰柏瑞纳斯达克100ETF发起式联接(QDII)A,2026-09-30,1.6868,eastmoney:pingzhongdata,False,,2026-10-08T19:06:19+08:00,8,True,delayed_or_holiday,2
019736,宝盈纳斯达克100指数发起(QDII)A人民币,2026-09-29,1.5228,eastmoney:pingzhongdata,False,,2026-10-08T19:06:16+08:00,9,True,delayed_or_holiday,2
019737,宝盈纳斯达克100指数发起(QDII)C人民币,2026-09-29,1.5119,eastmoney:pingzhongdata,False,,2026-10-08T19:06:25+08:00,9,True,delayed_or_holiday,2
021457,易方达港股通红利低波ETF联接A,2026-09-30,1.1616,eastmoney:pingzhongdata,False,,2026-10-08T19:06:10+08:00,8,True,delayed_or_holiday,2
021550,博时中证红利低波动100ETF联接A,2026-09-30,1.0796,eastmoney:pingzhongdata,False,,2026-10-08T19:06:11+08:00,8,True,delayed_or_holiday,2
022459,易方达中证A500ETF联接A,2026-09-30,1.1962,eastmoney:pingzhongdata,False,,2026-10-08T19:06:24+08:00,8,True,delayed_or_holiday,2
022523,天弘标普500发起(QDII-FOF)D,2026-09-29,2.2019,eastmoney:pingzhongdata,False,,2026-10-08T19:06:21+08:00,9,True,delayed_or_holiday,2
022525,天弘纳斯达克100指数发起(QDII)D,2026-09-29,2.0571,eastmoney:pingzhongdata,False,,2026-10-08T19:06:22+08:00,9,True,delayed_or_holiday,2
024772,摩根标普港股通低波红利ETF发起式联接A,2026-09-30,1.0133,eastmoney:pingzhongdata,False,,2026-10-08T19:06:14+08:00,8,True,delayed_or_holiday,2
025958,南方中证全指自由现金流ETF联接A,2026-09-30,0.9269,eastmoney:pingzhongdata,False,,2026-10-08T19:06:09+08:00,8,True,delayed_or_holiday,2
050025,博时标普500ETF联接A,2026-09-29,5.563,eastmoney:pingzhongdata,False,,2026-10-08T19:06:27+08:00,9,True,delayed_or_holiday,2
160213,国泰纳斯达克100指数,2026-09-29,4.579,eastmoney:pingzhongdata,False,,2026-10-08T19:06:25+08:00,9,True,delayed_or_holiday,2
161130,易方达纳斯达克100ETF联接(QDII-LOF)A(人民币),2026-09-29,4.5452,eastmoney:pingzhongdata,False,,2026-10-08T19:06:38+08:00,9,True,delayed_or_holiday,2
162412,华宝医疗ETF联接A,2026-09-30,0.6073,eastmoney:pingzhongdata,False,,2026-10-08T19:06:20+08:00,8,True,delayed_or_holiday,2
167301,方正富邦中证保险A,2026-09-30,1.057,eastmoney:pingzhongdata,False,,2026-10-08T19:06:11+08:00,8,True,delayed_or_holiday,2
501060,中金中证优选300指数(LOF)A,2026-09-30,2.3485,eastmoney:pingzhongdata,False,,2026-10-08T19:06:09+08:00,8,True,delayed_or_holiday,2
519002,华安安信消费混合A,2026-09-30,5.067,eastmoney:pingzhongdata,False,,2026-10-08T19:06:30+08:00,8,True,delayed_or_holiday,2
