code,name,nav_date,unit_nav,source,source_conflict,error
000171,易方达裕丰回报债券A,2026-09-30,2.0559,eastmoney:pingzhongdata,False,
000218,国泰黄金ETF联接A,2026-09-30,3.2708,eastmoney:pingzhongdata,False,
000248,汇添富中证主要消费ETF联接A,2026-09-30,1.8087,eastmoney:pingzhongdata,False,
000311,景顺长城沪深300指数增强A,2026-09-30,2.678,eastmoney:pingzhongdata,False,
000480,东方红新动力混合A,2026-09-30,6.123,eastmoney:pingzhongdata,False,
000628,大成高鑫股票A,2026-09-30,4.8233,eastmoney:pingzhongdata,False,
000834,大成纳斯达克100ETF联接(QDII)A,2026-09-29,6.4259,eastmoney:pingzhongdata,False,
000979,景顺长城沪港深精选股票A,2026-09-30,4.558,eastmoney:pingzhongdata,False,
002276,中邮纯债恒利债券A,2026-09-30,1.469,eastmoney:pingzhongdata,False,
002610,博时黄金ETF联接A,2026-09-30,2.9513,eastmoney:pingzhongdata,False,
003376,广发中债7-10年国开债指数A,2026-09-30,1.3859,eastmoney:pingzhongdata,False,
003547,鹏华丰禄债券,2026-09-30,1.0503,eastmoney:pingzhongdata,False,
005051,摩根标普港股通低波红利指数A,2026-09-30,1.2456,eastmoney:pingzhongdata,False,
005613,摩根富时发达市场REITs指数(QDII)人民币A,2026-09-29,1.4407,eastmoney:pingzhongdata,False,
006594,博道中证500增强C,2026-09-30,2.4551,eastmoney:pingzhongdata,False,
006961,南方中债7-10年国开行债券指数A,2026-09-30,1.3524,eastmoney:pingzhongdata,False,
007194,长城短债A,2026-09-30,1.2567,eastmoney:pingzhongdata,False,
007466,华泰柏瑞中证红利低波ETF联接A,2026-09-30,1.6414,eastmoney:pingzhongdata,False,
007751,景顺长城沪港深红利成长低波指数A,2026-09-30,1.234,eastmoney:pingzhongdata,False,
008142,工银黄金ETF联接A,2026-09-30,2.074,eastmoney:pingzhongdata,False,
008163,南方标普红利低波50ETF联接A,2026-09-30,1.0491,eastmoney:pingzhongdata,False,
008928,宏利消费红利指数A,2026-09-30,1.3765,eastmoney:pingzhongdata,False,
011612,华夏科创50ETF联接A,2026-09-30,1.2295,eastmoney:pingzhongdata,False,
011803,景顺长城宁景6个月持有混合A,2026-09-30,1.4386,eastmoney:pingzhongdata,False,
012761,华泰柏瑞上证红利ETF联接A,2026-09-30,1.1363,eastmoney:pingzhongdata,False,
013127,汇添富恒生科技ETF联接发起式(QDII)A,2026-09-30,0.6694,eastmoney:pingzhongdata,False,
013308,易方达恒生科技ETF联接(QDII)A,2026-09-30,1.0106,eastmoney:pingzhongdata,False,
014776,富国中证芯片产业ETF发起式联接A,2026-09-30,1.5323,eastmoney:pingzhongdata,False,
016452,南方纳斯达克100指数发起(QDII)A,2026-09-29,2.3393,eastmoney:pingzhongdata,False,
016532,嘉实纳斯达克100ETF发起联接(QDII)A人民币,2026-09-29,2.2234,eastmoney:pingzhongdata,False,
016533,嘉实纳斯达克100ETF发起联接(QDII)C人民币,2026-09-29,2.1978,eastmoney:pingzhongdata,False,
017028,国泰标普500ETF发起联接(QDII)A人民币,2026-09-29,1.7163,eastmoney:pingzhongdata,False,
017436,华宝纳斯达克精选股票发起式(QDII)A,2026-09-29,2.4225,eastmoney:pingzhongdata,False,
017437,华宝纳斯达克精选股票发起式(QDII)C,2026-09-29,2.39,eastmoney:pingzhongdata,False,
017641,摩根标普500指数(QDII)人民币A,2026-09-29,1.6974,eastmoney:pingzhongdata,False,
017644,博道中证1000指数增强A,2026-09-30,1.6979,eastmoney:pingzhongdata,False,
017937,易方达中证医疗ETF联接发起式A,2026-09-30,0.7838,eastmoney:pingzhongdata,False,
018064,华夏标普500ETF发起式联接(QDII)A(人民币),2026-09-29,1.7,eastmoney:pingzhongdata,False,
018065,华夏标普500ETF发起式联接(QDII)C,2026-09-29,1.6829,eastmoney:pingzhongdata,False,
019172,摩根纳斯达克100指数(QDII)人民币A,2026-09-29,1.7899,eastmoney:pingzhongdata,False,
021457,易方达港股通红利低波ETF联接A,2026-09-30,1.1616,eastmoney:pingzhongdata,False,
021550,博时中证红利低波动100ETF联接A,2026-09-30,1.0796,eastmoney:pingzhongdata,False,
021773,汇添富纳斯达克100ETF发起式联接(QDII)人民币E,2026-09-29,1.6522,eastmoney:pingzhongdata,False,
022459,易方达中证A500ETF联接A,2026-09-30,1.1962,eastmoney:pingzhongdata,False,
022525,天弘纳斯达克100指数发起(QDII)D,2026-09-29,2.0571,eastmoney:pingzhongdata,False,
024772,摩根标普港股通低波红利ETF发起式联接A,2026-09-30,1.0133,eastmoney:pingzhongdata,False,
025958,南方中证全指自由现金流ETF联接A,2026-09-30,0.9269,eastmoney:pingzhongdata,False,
050011,博时信用债券A/B,2026-09-30,3.6608,eastmoney:pingzhongdata,False,
050025,博时标普500ETF联接A,2026-09-29,5.563,eastmoney:pingzhongdata,False,
160213,国泰纳斯达克100指数,2026-09-29,4.579,eastmoney:pingzhongdata,False,
160716,嘉实基本面50指数(LOF)A,2026-09-30,2.0966,eastmoney:pingzhongdata,False,
161119,易方达中债新综指发起式(LOF)A,2026-09-30,1.8081,eastmoney:pingzhongdata,False,
162412,华宝医疗ETF联接A,2026-09-30,0.6073,eastmoney:pingzhongdata,False,
163407,兴全沪深300指数(LOF)A,2026-09-30,2.6176,eastmoney:pingzhongdata,False,
167301,方正富邦中证保险A,2026-09-30,1.057,eastmoney:pingzhongdata,False,
206006,鹏华全球中短债(QDII)人民币A,2026-09-29,0.5415,eastmoney:pingzhongdata,False,
217022,招商产业债券A,2026-09-30,1.8687,eastmoney:pingzhongdata,False,
501060,中金中证优选300指数(LOF)A,2026-09-30,2.3485,eastmoney:pingzhongdata,False,
519002,华安安信消费混合A,2026-09-30,5.067,eastmoney:pingzhongdata,False,
