code,name,type,nav_date,unit_nav,accum_nav,source
160716,,,2021-10-11,1.688,1.688,eastmoney:lsjz-backfill
160716,,,2021-10-12,1.6741,1.6741,eastmoney:lsjz-backfill
160716,,,2021-10-13,1.6648,1.6648,eastmoney:lsjz-backfill
160716,,,2021-10-14,1.6532,1.6532,eastmoney:lsjz-backfill
160716,,,2021-10-15,1.6592,1.6592,eastmoney:lsjz-backfill
160716,,,2021-10-18,1.6546,1.6546,eastmoney:lsjz-backfill
160716,,,2021-10-19,1.6631,1.6631,eastmoney:lsjz-backfill
160716,,,2021-10-20,1.6537,1.6537,eastmoney:lsjz-backfill
160716,,,2021-10-21,1.6784,1.6784,eastmoney:lsjz-backfill
160716,,,2021-10-22,1.6773,1.6773,eastmoney:lsjz-backfill
160716,,,2021-10-25,1.678,1.678,eastmoney:lsjz-backfill
160716,,,2021-10-26,1.6677,1.6677,eastmoney:lsjz-backfill
160716,,,2021-10-27,1.6503,1.6503,eastmoney:lsjz-backfill
160716,,,2021-10-28,1.6361,1.6361,eastmoney:lsjz-backfill
160716,,,2021-10-29,1.631,1.631,eastmoney:lsjz-backfill
160716,,,2021-11-01,1.638,1.638,eastmoney:lsjz-backfill
160716,,,2021-11-02,1.6059,1.6059,eastmoney:lsjz-backfill
160716,,,2021-11-03,1.6104,1.6104,eastmoney:lsjz-backfill
160716,,,2021-11-04,1.6089,1.6089,eastmoney:lsjz-backfill
160716,,,2021-11-05,1.6,1.6,eastmoney:lsjz-backfill
160716,,,2021-11-08,1.6005,1.6005,eastmoney:lsjz-backfill
160716,,,2021-11-09,1.594,1.594,eastmoney:lsjz-backfill
160716,,,2021-11-10,1.5906,1.5906,eastmoney:lsjz-backfill
160716,,,2021-11-11,1.6297,1.6297,eastmoney:lsjz-backfill
160716,,,2021-11-12,1.6186,1.6186,eastmoney:lsjz-backfill
160716,,,2021-11-15,1.6212,1.6212,eastmoney:lsjz-backfill
160716,,,2021-11-16,1.6118,1.6118,eastmoney:lsjz-backfill
160716,,,2021-11-17,1.6087,1.6087,eastmoney:lsjz-backfill
160716,,,2021-11-18,1.598,1.598,eastmoney:lsjz-backfill
160716,,,2021-11-19,1.6179,1.6179,eastmoney:lsjz-backfill
160716,,,2021-11-22,1.6059,1.6059,eastmoney:lsjz-backfill
160716,,,2021-11-23,1.6112,1.6112,eastmoney:lsjz-backfill
160716,,,2021-11-24,1.6169,1.6169,eastmoney:lsjz-backfill
160716,,,2021-11-25,1.6118,1.6118,eastmoney:lsjz-backfill
160716,,,2021-11-26,1.5941,1.5941,eastmoney:lsjz-backfill
160716,,,2021-11-29,1.5885,1.5885,eastmoney:lsjz-backfill
160716,,,2021-11-30,1.5816,1.5816,eastmoney:lsjz-backfill
160716,,,2021-12-01,1.5989,1.5989,eastmoney:lsjz-backfill
160716,,,2021-12-02,1.615,1.615,eastmoney:lsjz-backfill
160716,,,2021-12-03,1.6286,1.6286,eastmoney:lsjz-backfill
160716,,,2021-12-06,1.6322,1.6322,eastmoney:lsjz-backfill
160716,,,2021-12-07,1.6592,1.6592,eastmoney:lsjz-backfill
160716,,,2021-12-08,1.6603,1.6603,eastmoney:lsjz-backfill
160716,,,2021-12-09,1.6777,1.6777,eastmoney:lsjz-backfill
160716,,,2021-12-10,1.6677,1.6677,eastmoney:lsjz-backfill
160716,,,2021-12-13,1.6696,1.6696,eastmoney:lsjz-backfill
160716,,,2021-12-14,1.6494,1.6494,eastmoney:lsjz-backfill
160716,,,2021-12-15,1.6536,1.6536,eastmoney:lsjz-backfill
160716,,,2021-12-16,1.6714,1.6714,eastmoney:lsjz-backfill
160716,,,2021-12-17,1.6606,1.6606,eastmoney:lsjz-backfill
160716,,,2021-12-20,1.6598,1.6598,eastmoney:lsjz-backfill
160716,,,2021-12-21,1.6763,1.6763,eastmoney:lsjz-backfill
160716,,,2021-12-22,1.6639,1.6639,eastmoney:lsjz-backfill
160716,,,2021-12-23,1.6729,1.6729,eastmoney:lsjz-backfill
160716,,,2021-12-24,1.6662,1.6662,eastmoney:lsjz-backfill
160716,,,2021-12-27,1.6685,1.6685,eastmoney:lsjz-backfill
160716,,,2021-12-28,1.6684,1.6684,eastmoney:lsjz-backfill
160716,,,2021-12-29,1.6541,1.6541,eastmoney:lsjz-backfill
160716,,,2021-12-30,1.657,1.657,eastmoney:lsjz-backfill
160716,,,2021-12-31,1.6653,1.6653,eastmoney:lsjz-backfill
160716,,,2022-01-04,1.6739,1.6739,eastmoney:lsjz-backfill
160716,,,2022-01-05,1.6849,1.6849,eastmoney:lsjz-backfill
160716,,,2022-01-06,1.6834,1.6834,eastmoney:lsjz-backfill
160716,,,2022-01-07,1.7141,1.7141,eastmoney:lsjz-backfill
160716,,,2022-01-10,1.7227,1.7227,eastmoney:lsjz-backfill
160716,,,2022-01-11,1.7235,1.7235,eastmoney:lsjz-backfill
160716,,,2022-01-12,1.7134,1.7134,eastmoney:lsjz-backfill
160716,,,2022-01-13,1.7043,1.7043,eastmoney:lsjz-backfill
160716,,,2022-01-14,1.6684,1.6684,eastmoney:lsjz-backfill
160716,,,2022-01-17,1.6716,1.6716,eastmoney:lsjz-backfill
160716,,,2022-01-18,1.7121,1.7121,eastmoney:lsjz-backfill
160716,,,2022-01-19,1.7228,1.7228,eastmoney:lsjz-backfill
160716,,,2022-01-20,1.7466,1.7466,eastmoney:lsjz-backfill
160716,,,2022-01-21,1.7285,1.7285,eastmoney:lsjz-backfill
160716,,,2022-01-24,1.731,1.731,eastmoney:lsjz-backfill
160716,,,2022-01-25,1.6923,1.6923,eastmoney:lsjz-backfill
160716,,,2022-01-26,1.7047,1.7047,eastmoney:lsjz-backfill
160716,,,2022-01-27,1.692,1.692,eastmoney:lsjz-backfill
160716,,,2022-01-28,1.6668,1.6668,eastmoney:lsjz-backfill
160716,,,2022-02-07,1.7226,1.7226,eastmoney:lsjz-backfill
160716,,,2022-02-08,1.7457,1.7457,eastmoney:lsjz-backfill
160716,,,2022-02-09,1.7437,1.7437,eastmoney:lsjz-backfill
160716,,,2022-02-10,1.7592,1.7592,eastmoney:lsjz-backfill
160716,,,2022-02-11,1.7703,1.7703,eastmoney:lsjz-backfill
160716,,,2022-02-14,1.7342,1.7342,eastmoney:lsjz-backfill
160716,,,2022-02-15,1.7193,1.7193,eastmoney:lsjz-backfill
160716,,,2022-02-16,1.7356,1.7356,eastmoney:lsjz-backfill
160716,,,2022-02-17,1.729,1.729,eastmoney:lsjz-backfill
160716,,,2022-02-18,1.7542,1.7542,eastmoney:lsjz-backfill
160716,,,2022-02-21,1.7451,1.7451,eastmoney:lsjz-backfill
160716,,,2022-02-22,1.7266,1.7266,eastmoney:lsjz-backfill
160716,,,2022-02-23,1.716,1.716,eastmoney:lsjz-backfill
160716,,,2022-02-24,1.6853,1.6853,eastmoney:lsjz-backfill
160716,,,2022-02-25,1.6792,1.6792,eastmoney:lsjz-backfill
160716,,,2022-02-28,1.6758,1.6758,eastmoney:lsjz-backfill
160716,,,2022-03-01,1.6944,1.6944,eastmoney:lsjz-backfill
160716,,,2022-03-02,1.6915,1.6915,eastmoney:lsjz-backfill
160716,,,2022-03-03,1.7087,1.7087,eastmoney:lsjz-backfill
160716,,,2022-03-04,1.6925,1.6925,eastmoney:lsjz-backfill
160716,,,2022-03-07,1.6742,1.6742,eastmoney:lsjz-backfill
160716,,,2022-03-08,1.6408,1.6408,eastmoney:lsjz-backfill
160716,,,2022-03-09,1.6215,1.6215,eastmoney:lsjz-backfill
160716,,,2022-03-10,1.6229,1.6229,eastmoney:lsjz-backfill
160716,,,2022-03-11,1.6216,1.6216,eastmoney:lsjz-backfill
160716,,,2022-03-14,1.5909,1.5909,eastmoney:lsjz-backfill
160716,,,2022-03-15,1.5047,1.5047,eastmoney:lsjz-backfill
160716,,,2022-03-16,1.5496,1.5496,eastmoney:lsjz-backfill
160716,,,2022-03-17,1.5656,1.5656,eastmoney:lsjz-backfill
160716,,,2022-03-18,1.604,1.604,eastmoney:lsjz-backfill
160716,,,2022-03-21,1.5863,1.5863,eastmoney:lsjz-backfill
160716,,,2022-03-22,1.6121,1.6121,eastmoney:lsjz-backfill
160716,,,2022-03-23,1.6116,1.6116,eastmoney:lsjz-backfill
160716,,,2022-03-24,1.6094,1.6094,eastmoney:lsjz-backfill
160716,,,2022-03-25,1.5994,1.5994,eastmoney:lsjz-backfill
160716,,,2022-03-28,1.6162,1.6162,eastmoney:lsjz-backfill
160716,,,2022-03-29,1.6106,1.6106,eastmoney:lsjz-backfill
160716,,,2022-03-30,1.642,1.642,eastmoney:lsjz-backfill
160716,,,2022-03-31,1.6484,1.6484,eastmoney:lsjz-backfill
160716,,,2022-04-01,1.6699,1.6699,eastmoney:lsjz-backfill
160716,,,2022-04-06,1.7019,1.7019,eastmoney:lsjz-backfill
160716,,,2022-04-07,1.6817,1.6817,eastmoney:lsjz-backfill
160716,,,2022-04-08,1.7082,1.7082,eastmoney:lsjz-backfill
160716,,,2022-04-11,1.6836,1.6836,eastmoney:lsjz-backfill
160716,,,2022-04-12,1.6824,1.6824,eastmoney:lsjz-backfill
160716,,,2022-04-13,1.6795,1.6795,eastmoney:lsjz-backfill
160716,,,2022-04-14,1.6952,1.6952,eastmoney:lsjz-backfill
160716,,,2022-04-15,1.7012,1.7012,eastmoney:lsjz-backfill
160716,,,2022-04-18,1.6648,1.6648,eastmoney:lsjz-backfill
160716,,,2022-04-19,1.6714,1.6714,eastmoney:lsjz-backfill
160716,,,2022-04-20,1.6412,1.6412,eastmoney:lsjz-backfill
160716,,,2022-04-21,1.6268,1.6268,eastmoney:lsjz-backfill
160716,,,2022-04-22,1.6521,1.6521,eastmoney:lsjz-backfill
160716,,,2022-04-25,1.5939,1.5939,eastmoney:lsjz-backfill
160716,,,2022-04-26,1.5947,1.5947,eastmoney:lsjz-backfill
160716,,,2022-04-27,1.6043,1.6043,eastmoney:lsjz-backfill
160716,,,2022-04-28,1.6354,1.6354,eastmoney:lsjz-backfill
160716,,,2022-04-29,1.6507,1.6507,eastmoney:lsjz-backfill
160716,,,2022-05-05,1.6472,1.6472,eastmoney:lsjz-backfill
160716,,,2022-05-06,1.6047,1.6047,eastmoney:lsjz-backfill
160716,,,2022-05-09,1.5973,1.5973,eastmoney:lsjz-backfill
160716,,,2022-05-10,1.6119,1.6119,eastmoney:lsjz-backfill
160716,,,2022-05-11,1.6004,1.6004,eastmoney:lsjz-backfill
160716,,,2022-05-12,1.588,1.588,eastmoney:lsjz-backfill
160716,,,2022-05-13,1.6117,1.6117,eastmoney:lsjz-backfill
160716,,,2022-05-16,1.6075,1.6075,eastmoney:lsjz-backfill
160716,,,2022-05-17,1.6101,1.6101,eastmoney:lsjz-backfill
160716,,,2022-05-18,1.6008,1.6008,eastmoney:lsjz-backfill
160716,,,2022-05-19,1.6082,1.6082,eastmoney:lsjz-backfill
160716,,,2022-05-20,1.6269,1.6269,eastmoney:lsjz-backfill
160716,,,2022-05-23,1.6088,1.6088,eastmoney:lsjz-backfill
160716,,,2022-05-24,1.5884,1.5884,eastmoney:lsjz-backfill
160716,,,2022-05-25,1.6016,1.6016,eastmoney:lsjz-backfill
160716,,,2022-05-26,1.6095,1.6095,eastmoney:lsjz-backfill
160716,,,2022-05-27,1.6147,1.6147,eastmoney:lsjz-backfill
160716,,,2022-05-30,1.6053,1.6053,eastmoney:lsjz-backfill
160716,,,2022-05-31,1.608,1.608,eastmoney:lsjz-backfill
160716,,,2022-06-01,1.6052,1.6052,eastmoney:lsjz-backfill
160716,,,2022-06-02,1.5977,1.5977,eastmoney:lsjz-backfill
160716,,,2022-06-06,1.5923,1.5923,eastmoney:lsjz-backfill
160716,,,2022-06-07,1.5975,1.5975,eastmoney:lsjz-backfill
160716,,,2022-06-08,1.604,1.604,eastmoney:lsjz-backfill
160716,,,2022-06-09,1.6137,1.6137,eastmoney:lsjz-backfill
160716,,,2022-06-10,1.6217,1.6217,eastmoney:lsjz-backfill
160716,,,2022-06-13,1.5914,1.5914,eastmoney:lsjz-backfill
160716,,,2022-06-14,1.6163,1.6163,eastmoney:lsjz-backfill
160716,,,2022-06-15,1.6529,1.6529,eastmoney:lsjz-backfill
160716,,,2022-06-16,1.6286,1.6286,eastmoney:lsjz-backfill
160716,,,2022-06-17,1.6363,1.6363,eastmoney:lsjz-backfill
160716,,,2022-06-20,1.6323,1.6323,eastmoney:lsjz-backfill
160716,,,2022-06-21,1.6424,1.6424,eastmoney:lsjz-backfill
160716,,,2022-06-22,1.6214,1.6214,eastmoney:lsjz-backfill
160716,,,2022-06-23,1.6403,1.6403,eastmoney:lsjz-backfill
160716,,,2022-06-24,1.6413,1.6413,eastmoney:lsjz-backfill
160716,,,2022-06-27,1.6501,1.6501,eastmoney:lsjz-backfill
160716,,,2022-06-28,1.6545,1.6545,eastmoney:lsjz-backfill
160716,,,2022-06-29,1.6638,1.6638,eastmoney:lsjz-backfill
160716,,,2022-06-30,1.6761,1.6761,eastmoney:lsjz-backfill
160716,,,2022-07-01,1.6745,1.6745,eastmoney:lsjz-backfill
160716,,,2022-07-04,1.6709,1.6709,eastmoney:lsjz-backfill
160716,,,2022-07-05,1.6726,1.6726,eastmoney:lsjz-backfill
160716,,,2022-07-06,1.6484,1.6484,eastmoney:lsjz-backfill
160716,,,2022-07-07,1.6437,1.6437,eastmoney:lsjz-backfill
160716,,,2022-07-08,1.6532,1.6532,eastmoney:lsjz-backfill
160716,,,2022-07-11,1.6458,1.6458,eastmoney:lsjz-backfill
160716,,,2022-07-12,1.6565,1.6565,eastmoney:lsjz-backfill
160716,,,2022-07-13,1.644,1.644,eastmoney:lsjz-backfill
160716,,,2022-07-14,1.6156,1.6156,eastmoney:lsjz-backfill
160716,,,2022-07-15,1.588,1.588,eastmoney:lsjz-backfill
160716,,,2022-07-18,1.6126,1.6126,eastmoney:lsjz-backfill
160716,,,2022-07-19,1.6127,1.6127,eastmoney:lsjz-backfill
160716,,,2022-07-20,1.613,1.613,eastmoney:lsjz-backfill
160716,,,2022-07-21,1.5903,1.5903,eastmoney:lsjz-backfill
160716,,,2022-07-22,1.5938,1.5938,eastmoney:lsjz-backfill
160716,,,2022-07-25,1.5967,1.5967,eastmoney:lsjz-backfill
160716,,,2022-07-26,1.6123,1.6123,eastmoney:lsjz-backfill
160716,,,2022-07-27,1.6005,1.6005,eastmoney:lsjz-backfill
160716,,,2022-07-28,1.599,1.599,eastmoney:lsjz-backfill
160716,,,2022-07-29,1.5832,1.5832,eastmoney:lsjz-backfill
160716,,,2022-08-01,1.5729,1.5729,eastmoney:lsjz-backfill
160716,,,2022-08-02,1.5474,1.5474,eastmoney:lsjz-backfill
160716,,,2022-08-03,1.5313,1.5313,eastmoney:lsjz-backfill
160716,,,2022-08-04,1.5425,1.5425,eastmoney:lsjz-backfill
160716,,,2022-08-05,1.5585,1.5585,eastmoney:lsjz-backfill
160716,,,2022-08-08,1.5542,1.5542,eastmoney:lsjz-backfill
160716,,,2022-08-09,1.5524,1.5524,eastmoney:lsjz-backfill
160716,,,2022-08-10,1.5441,1.5441,eastmoney:lsjz-backfill
160716,,,2022-08-11,1.5686,1.5686,eastmoney:lsjz-backfill
160716,,,2022-08-12,1.5758,1.5758,eastmoney:lsjz-backfill
160716,,,2022-08-15,1.5661,1.5661,eastmoney:lsjz-backfill
160716,,,2022-08-16,1.566,1.566,eastmoney:lsjz-backfill
160716,,,2022-08-17,1.5803,1.5803,eastmoney:lsjz-backfill
160716,,,2022-08-18,1.5648,1.5648,eastmoney:lsjz-backfill
160716,,,2022-08-19,1.5735,1.5735,eastmoney:lsjz-backfill
160716,,,2022-08-22,1.5802,1.5802,eastmoney:lsjz-backfill
160716,,,2022-08-23,1.5697,1.5697,eastmoney:lsjz-backfill
160716,,,2022-08-24,1.5623,1.5623,eastmoney:lsjz-backfill
160716,,,2022-08-25,1.5874,1.5874,eastmoney:lsjz-backfill
160716,,,2022-08-26,1.5831,1.5831,eastmoney:lsjz-backfill
160716,,,2022-08-29,1.5757,1.5757,eastmoney:lsjz-backfill
160716,,,2022-08-30,1.5792,1.5792,eastmoney:lsjz-backfill
160716,,,2022-08-31,1.598,1.598,eastmoney:lsjz-backfill
160716,,,2022-09-01,1.5989,1.5989,eastmoney:lsjz-backfill
160716,,,2022-09-02,1.5934,1.5934,eastmoney:lsjz-backfill
160716,,,2022-09-05,1.6047,1.6047,eastmoney:lsjz-backfill
160716,,,2022-09-06,1.6133,1.6133,eastmoney:lsjz-backfill
160716,,,2022-09-07,1.606,1.606,eastmoney:lsjz-backfill
160716,,,2022-09-08,1.6074,1.6074,eastmoney:lsjz-backfill
160716,,,2022-09-09,1.6356,1.6356,eastmoney:lsjz-backfill
160716,,,2022-09-13,1.6393,1.6393,eastmoney:lsjz-backfill
160716,,,2022-09-14,1.6268,1.6268,eastmoney:lsjz-backfill
160716,,,2022-09-15,1.6429,1.6429,eastmoney:lsjz-backfill
160716,,,2022-09-16,1.6046,1.6046,eastmoney:lsjz-backfill
160716,,,2022-09-19,1.6086,1.6086,eastmoney:lsjz-backfill
160716,,,2022-09-20,1.5916,1.5916,eastmoney:lsjz-backfill
160716,,,2022-09-21,1.5941,1.5941,eastmoney:lsjz-backfill
160716,,,2022-09-22,1.5854,1.5854,eastmoney:lsjz-backfill
160716,,,2022-09-23,1.5924,1.5924,eastmoney:lsjz-backfill
160716,,,2022-09-26,1.5692,1.5692,eastmoney:lsjz-backfill
160716,,,2022-09-27,1.5758,1.5758,eastmoney:lsjz-backfill
160716,,,2022-09-28,1.5655,1.5655,eastmoney:lsjz-backfill
160716,,,2022-09-29,1.5502,1.5502,eastmoney:lsjz-backfill
160716,,,2022-09-30,1.564,1.564,eastmoney:lsjz-backfill
160716,,,2022-10-10,1.5578,1.5578,eastmoney:lsjz-backfill
160716,,,2022-10-11,1.5483,1.5483,eastmoney:lsjz-backfill
160716,,,2022-10-12,1.5627,1.5627,eastmoney:lsjz-backfill
160716,,,2022-10-13,1.5442,1.5442,eastmoney:lsjz-backfill
160716,,,2022-10-14,1.5577,1.5577,eastmoney:lsjz-backfill
160716,,,2022-10-17,1.5562,1.5562,eastmoney:lsjz-backfill
160716,,,2022-10-18,1.5498,1.5498,eastmoney:lsjz-backfill
160716,,,2022-10-19,1.5327,1.5327,eastmoney:lsjz-backfill
160716,,,2022-10-20,1.5271,1.5271,eastmoney:lsjz-backfill
160716,,,2022-10-21,1.5286,1.5286,eastmoney:lsjz-backfill
160716,,,2022-10-24,1.4877,1.4877,eastmoney:lsjz-backfill
160716,,,2022-10-25,1.4862,1.4862,eastmoney:lsjz-backfill
160716,,,2022-10-26,1.4764,1.4764,eastmoney:lsjz-backfill
160716,,,2022-10-27,1.4765,1.4765,eastmoney:lsjz-backfill
160716,,,2022-10-28,1.4554,1.4554,eastmoney:lsjz-backfill
160716,,,2022-10-31,1.4231,1.4231,eastmoney:lsjz-backfill
160716,,,2022-11-01,1.4518,1.4518,eastmoney:lsjz-backfill
160716,,,2022-11-02,1.4604,1.4604,eastmoney:lsjz-backfill
160716,,,2022-11-03,1.4483,1.4483,eastmoney:lsjz-backfill
160716,,,2022-11-04,1.4784,1.4784,eastmoney:lsjz-backfill
160716,,,2022-11-07,1.4849,1.4849,eastmoney:lsjz-backfill
160716,,,2022-11-08,1.4833,1.4833,eastmoney:lsjz-backfill
160716,,,2022-11-09,1.4816,1.4816,eastmoney:lsjz-backfill
160716,,,2022-11-10,1.4815,1.4815,eastmoney:lsjz-backfill
160716,,,2022-11-11,1.5298,1.5298,eastmoney:lsjz-backfill
160716,,,2022-11-14,1.5496,1.5496,eastmoney:lsjz-backfill
160716,,,2022-11-15,1.5637,1.5637,eastmoney:lsjz-backfill
160716,,,2022-11-16,1.5532,1.5532,eastmoney:lsjz-backfill
160716,,,2022-11-17,1.55,1.55,eastmoney:lsjz-backfill
160716,,,2022-11-18,1.5422,1.5422,eastmoney:lsjz-backfill
160716,,,2022-11-21,1.5286,1.5286,eastmoney:lsjz-backfill
160716,,,2022-11-22,1.5609,1.5609,eastmoney:lsjz-backfill
160716,,,2022-11-23,1.5708,1.5708,eastmoney:lsjz-backfill
160716,,,2022-11-24,1.5625,1.5625,eastmoney:lsjz-backfill
160716,,,2022-11-25,1.6038,1.6038,eastmoney:lsjz-backfill
160716,,,2022-11-28,1.5804,1.5804,eastmoney:lsjz-backfill
160716,,,2022-11-29,1.6433,1.6433,eastmoney:lsjz-backfill
160716,,,2022-11-30,1.6406,1.6406,eastmoney:lsjz-backfill
160716,,,2022-12-01,1.6374,1.6374,eastmoney:lsjz-backfill
160716,,,2022-12-02,1.6263,1.6263,eastmoney:lsjz-backfill
160716,,,2022-12-05,1.685,1.685,eastmoney:lsjz-backfill
160716,,,2022-12-06,1.6809,1.6809,eastmoney:lsjz-backfill
160716,,,2022-12-07,1.6655,1.6655,eastmoney:lsjz-backfill
160716,,,2022-12-08,1.6741,1.6741,eastmoney:lsjz-backfill
160716,,,2022-12-09,1.6895,1.6895,eastmoney:lsjz-backfill
160716,,,2022-12-12,1.6587,1.6587,eastmoney:lsjz-backfill
160716,,,2022-12-13,1.6652,1.6652,eastmoney:lsjz-backfill
160716,,,2022-12-14,1.6644,1.6644,eastmoney:lsjz-backfill
160716,,,2022-12-15,1.65,1.65,eastmoney:lsjz-backfill
160716,,,2022-12-16,1.668,1.668,eastmoney:lsjz-backfill
160716,,,2022-12-19,1.6341,1.6341,eastmoney:lsjz-backfill
160716,,,2022-12-20,1.6113,1.6113,eastmoney:lsjz-backfill
160716,,,2022-12-21,1.6146,1.6146,eastmoney:lsjz-backfill
160716,,,2022-12-22,1.6199,1.6199,eastmoney:lsjz-backfill
160716,,,2022-12-23,1.6195,1.6195,eastmoney:lsjz-backfill
160716,,,2022-12-26,1.6057,1.6057,eastmoney:lsjz-backfill
160716,,,2022-12-27,1.625,1.625,eastmoney:lsjz-backfill
160716,,,2022-12-28,1.6284,1.6284,eastmoney:lsjz-backfill
160716,,,2022-12-29,1.6124,1.6124,eastmoney:lsjz-backfill
160716,,,2022-12-30,1.6257,1.6257,eastmoney:lsjz-backfill
160716,,,2022-12-31,1.6256,1.6256,eastmoney:lsjz-backfill
160716,,,2023-01-03,1.6378,1.6378,eastmoney:lsjz-backfill
160716,,,2023-01-04,1.6644,1.6644,eastmoney:lsjz-backfill
160716,,,2023-01-05,1.6737,1.6737,eastmoney:lsjz-backfill
160716,,,2023-01-06,1.6725,1.6725,eastmoney:lsjz-backfill
160716,,,2023-01-09,1.6756,1.6756,eastmoney:lsjz-backfill
160716,,,2023-01-10,1.6588,1.6588,eastmoney:lsjz-backfill
160716,,,2023-01-11,1.6725,1.6725,eastmoney:lsjz-backfill
160716,,,2023-01-12,1.6712,1.6712,eastmoney:lsjz-backfill
160716,,,2023-01-13,1.6905,1.6905,eastmoney:lsjz-backfill
160716,,,2023-01-16,1.7002,1.7002,eastmoney:lsjz-backfill
160716,,,2023-01-17,1.6941,1.6941,eastmoney:lsjz-backfill
160716,,,2023-01-18,1.6931,1.6931,eastmoney:lsjz-backfill
160716,,,2023-01-19,1.6986,1.6986,eastmoney:lsjz-backfill
160716,,,2023-01-20,1.7143,1.7143,eastmoney:lsjz-backfill
160716,,,2023-01-30,1.7075,1.7075,eastmoney:lsjz-backfill
160716,,,2023-01-31,1.6989,1.6989,eastmoney:lsjz-backfill
160716,,,2023-02-01,1.7031,1.7031,eastmoney:lsjz-backfill
160716,,,2023-02-02,1.6955,1.6955,eastmoney:lsjz-backfill
160716,,,2023-02-03,1.6775,1.6775,eastmoney:lsjz-backfill
160716,,,2023-02-06,1.6586,1.6586,eastmoney:lsjz-backfill
160716,,,2023-02-07,1.6688,1.6688,eastmoney:lsjz-backfill
160716,,,2023-02-08,1.6612,1.6612,eastmoney:lsjz-backfill
160716,,,2023-02-09,1.675,1.675,eastmoney:lsjz-backfill
160716,,,2023-02-10,1.6737,1.6737,eastmoney:lsjz-backfill
160716,,,2023-02-13,1.6763,1.6763,eastmoney:lsjz-backfill
160716,,,2023-02-14,1.6815,1.6815,eastmoney:lsjz-backfill
160716,,,2023-02-15,1.6702,1.6702,eastmoney:lsjz-backfill
160716,,,2023-02-16,1.6713,1.6713,eastmoney:lsjz-backfill
160716,,,2023-02-17,1.6569,1.6569,eastmoney:lsjz-backfill
160716,,,2023-02-20,1.7047,1.7047,eastmoney:lsjz-backfill
160716,,,2023-02-21,1.7153,1.7153,eastmoney:lsjz-backfill
160716,,,2023-02-22,1.6989,1.6989,eastmoney:lsjz-backfill
160716,,,2023-02-23,1.6966,1.6966,eastmoney:lsjz-backfill
160716,,,2023-02-24,1.6819,1.6819,eastmoney:lsjz-backfill
160716,,,2023-02-27,1.6754,1.6754,eastmoney:lsjz-backfill
160716,,,2023-02-28,1.6879,1.6879,eastmoney:lsjz-backfill
160716,,,2023-03-01,1.7211,1.7211,eastmoney:lsjz-backfill
160716,,,2023-03-02,1.7312,1.7312,eastmoney:lsjz-backfill
160716,,,2023-03-03,1.7517,1.7517,eastmoney:lsjz-backfill
160716,,,2023-03-06,1.7303,1.7303,eastmoney:lsjz-backfill
160716,,,2023-03-07,1.7225,1.7225,eastmoney:lsjz-backfill
160716,,,2023-03-08,1.7193,1.7193,eastmoney:lsjz-backfill
160716,,,2023-03-09,1.7124,1.7124,eastmoney:lsjz-backfill
160716,,,2023-03-10,1.683,1.683,eastmoney:lsjz-backfill
160716,,,2023-03-13,1.7128,1.7128,eastmoney:lsjz-backfill
160716,,,2023-03-14,1.7017,1.7017,eastmoney:lsjz-backfill
160716,,,2023-03-15,1.7192,1.7192,eastmoney:lsjz-backfill
160716,,,2023-03-16,1.7103,1.7103,eastmoney:lsjz-backfill
160716,,,2023-03-17,1.7317,1.7317,eastmoney:lsjz-backfill
160716,,,2023-03-20,1.7148,1.7148,eastmoney:lsjz-backfill
160716,,,2023-03-21,1.7103,1.7103,eastmoney:lsjz-backfill
160716,,,2023-03-22,1.7226,1.7226,eastmoney:lsjz-backfill
160716,,,2023-03-23,1.7388,1.7388,eastmoney:lsjz-backfill
160716,,,2023-03-24,1.7136,1.7136,eastmoney:lsjz-backfill
160716,,,2023-03-27,1.6932,1.6932,eastmoney:lsjz-backfill
160716,,,2023-03-28,1.6971,1.6971,eastmoney:lsjz-backfill
160716,,,2023-03-29,1.6867,1.6867,eastmoney:lsjz-backfill
160716,,,2023-03-30,1.7031,1.7031,eastmoney:lsjz-backfill
160716,,,2023-03-31,1.7011,1.7011,eastmoney:lsjz-backfill
160716,,,2023-04-03,1.7115,1.7115,eastmoney:lsjz-backfill
160716,,,2023-04-04,1.739,1.739,eastmoney:lsjz-backfill
160716,,,2023-04-06,1.7319,1.7319,eastmoney:lsjz-backfill
160716,,,2023-04-07,1.7372,1.7372,eastmoney:lsjz-backfill
160716,,,2023-04-10,1.7449,1.7449,eastmoney:lsjz-backfill
160716,,,2023-04-11,1.7476,1.7476,eastmoney:lsjz-backfill
160716,,,2023-04-12,1.7661,1.7661,eastmoney:lsjz-backfill
160716,,,2023-04-13,1.7599,1.7599,eastmoney:lsjz-backfill
160716,,,2023-04-14,1.7688,1.7688,eastmoney:lsjz-backfill
160716,,,2023-04-17,1.8077,1.8077,eastmoney:lsjz-backfill
160716,,,2023-04-18,1.8241,1.8241,eastmoney:lsjz-backfill
160716,,,2023-04-19,1.8047,1.8047,eastmoney:lsjz-backfill
160716,,,2023-04-20,1.8198,1.8198,eastmoney:lsjz-backfill
160716,,,2023-04-21,1.7897,1.7897,eastmoney:lsjz-backfill
160716,,,2023-04-24,1.7793,1.7793,eastmoney:lsjz-backfill
160716,,,2023-04-25,1.7891,1.7891,eastmoney:lsjz-backfill
160716,,,2023-04-26,1.7679,1.7679,eastmoney:lsjz-backfill
160716,,,2023-04-27,1.7946,1.7946,eastmoney:lsjz-backfill
160716,,,2023-04-28,1.8168,1.8168,eastmoney:lsjz-backfill
160716,,,2023-05-04,1.8482,1.8482,eastmoney:lsjz-backfill
160716,,,2023-05-05,1.854,1.854,eastmoney:lsjz-backfill
160716,,,2023-05-08,1.905,1.905,eastmoney:lsjz-backfill
160716,,,2023-05-09,1.8814,1.8814,eastmoney:lsjz-backfill
160716,,,2023-05-10,1.839,1.839,eastmoney:lsjz-backfill
160716,,,2023-05-11,1.8289,1.8289,eastmoney:lsjz-backfill
160716,,,2023-05-12,1.8039,1.8039,eastmoney:lsjz-backfill
160716,,,2023-05-15,1.8227,1.8227,eastmoney:lsjz-backfill
160716,,,2023-05-16,1.8085,1.8085,eastmoney:lsjz-backfill
160716,,,2023-05-17,1.7939,1.7939,eastmoney:lsjz-backfill
160716,,,2023-05-18,1.8063,1.8063,eastmoney:lsjz-backfill
160716,,,2023-05-19,1.7814,1.7814,eastmoney:lsjz-backfill
160716,,,2023-05-22,1.7845,1.7845,eastmoney:lsjz-backfill
160716,,,2023-05-23,1.7534,1.7534,eastmoney:lsjz-backfill
160716,,,2023-05-24,1.7114,1.7114,eastmoney:lsjz-backfill
160716,,,2023-05-25,1.7101,1.7101,eastmoney:lsjz-backfill
160716,,,2023-05-26,1.7173,1.7173,eastmoney:lsjz-backfill
160716,,,2023-05-29,1.7308,1.7308,eastmoney:lsjz-backfill
160716,,,2023-05-30,1.7344,1.7344,eastmoney:lsjz-backfill
160716,,,2023-05-31,1.7201,1.7201,eastmoney:lsjz-backfill
160716,,,2023-06-01,1.7221,1.7221,eastmoney:lsjz-backfill
160716,,,2023-06-02,1.7425,1.7425,eastmoney:lsjz-backfill
160716,,,2023-06-05,1.7454,1.7454,eastmoney:lsjz-backfill
160716,,,2023-06-06,1.7451,1.7451,eastmoney:lsjz-backfill
160716,,,2023-06-07,1.7536,1.7536,eastmoney:lsjz-backfill
160716,,,2023-06-08,1.7842,1.7842,eastmoney:lsjz-backfill
160716,,,2023-06-09,1.783,1.783,eastmoney:lsjz-backfill
160716,,,2023-06-12,1.7704,1.7704,eastmoney:lsjz-backfill
160716,,,2023-06-13,1.7686,1.7686,eastmoney:lsjz-backfill
160716,,,2023-06-14,1.7587,1.7587,eastmoney:lsjz-backfill
160716,,,2023-06-15,1.769,1.769,eastmoney:lsjz-backfill
160716,,,2023-06-16,1.7775,1.7775,eastmoney:lsjz-backfill
160716,,,2023-06-19,1.7531,1.7531,eastmoney:lsjz-backfill
160716,,,2023-06-20,1.7366,1.7366,eastmoney:lsjz-backfill
160716,,,2023-06-21,1.7311,1.7311,eastmoney:lsjz-backfill
160716,,,2023-06-26,1.7042,1.7042,eastmoney:lsjz-backfill
160716,,,2023-06-27,1.7354,1.7354,eastmoney:lsjz-backfill
160716,,,2023-06-28,1.7391,1.7391,eastmoney:lsjz-backfill
160716,,,2023-06-29,1.7311,1.7311,eastmoney:lsjz-backfill
160716,,,2023-06-30,1.7381,1.7381,eastmoney:lsjz-backfill
160716,,,2023-07-03,1.7686,1.7686,eastmoney:lsjz-backfill
160716,,,2023-07-04,1.7605,1.7605,eastmoney:lsjz-backfill
160716,,,2023-07-05,1.7537,1.7537,eastmoney:lsjz-backfill
160716,,,2023-07-06,1.7457,1.7457,eastmoney:lsjz-backfill
160716,,,2023-07-07,1.7445,1.7445,eastmoney:lsjz-backfill
160716,,,2023-07-10,1.7403,1.7403,eastmoney:lsjz-backfill
160716,,,2023-07-11,1.7491,1.7491,eastmoney:lsjz-backfill
160716,,,2023-07-12,1.7418,1.7418,eastmoney:lsjz-backfill
160716,,,2023-07-13,1.7694,1.7694,eastmoney:lsjz-backfill
160716,,,2023-07-14,1.7785,1.7785,eastmoney:lsjz-backfill
160716,,,2023-07-17,1.768,1.768,eastmoney:lsjz-backfill
160716,,,2023-07-18,1.7614,1.7614,eastmoney:lsjz-backfill
160716,,,2023-07-19,1.77,1.77,eastmoney:lsjz-backfill
160716,,,2023-07-20,1.7614,1.7614,eastmoney:lsjz-backfill
160716,,,2023-07-21,1.76,1.76,eastmoney:lsjz-backfill
160716,,,2023-07-24,1.7554,1.7554,eastmoney:lsjz-backfill
160716,,,2023-07-25,1.8105,1.8105,eastmoney:lsjz-backfill
160716,,,2023-07-26,1.8061,1.8061,eastmoney:lsjz-backfill
160716,,,2023-07-27,1.8083,1.8083,eastmoney:lsjz-backfill
160716,,,2023-07-28,1.8587,1.8587,eastmoney:lsjz-backfill
160716,,,2023-07-31,1.8705,1.8705,eastmoney:lsjz-backfill
160716,,,2023-08-01,1.8645,1.8645,eastmoney:lsjz-backfill
160716,,,2023-08-02,1.8436,1.8436,eastmoney:lsjz-backfill
160716,,,2023-08-03,1.8591,1.8591,eastmoney:lsjz-backfill
160716,,,2023-08-04,1.8627,1.8627,eastmoney:lsjz-backfill
160716,,,2023-08-07,1.8468,1.8468,eastmoney:lsjz-backfill
160716,,,2023-08-08,1.8388,1.8388,eastmoney:lsjz-backfill
160716,,,2023-08-09,1.8406,1.8406,eastmoney:lsjz-backfill
160716,,,2023-08-10,1.8417,1.8417,eastmoney:lsjz-backfill
160716,,,2023-08-11,1.8043,1.8043,eastmoney:lsjz-backfill
160716,,,2023-08-14,1.7948,1.7948,eastmoney:lsjz-backfill
160716,,,2023-08-15,1.8041,1.8041,eastmoney:lsjz-backfill
160716,,,2023-08-16,1.7978,1.7978,eastmoney:lsjz-backfill
160716,,,2023-08-17,1.7944,1.7944,eastmoney:lsjz-backfill
160716,,,2023-08-18,1.7834,1.7834,eastmoney:lsjz-backfill
160716,,,2023-08-21,1.7592,1.7592,eastmoney:lsjz-backfill
160716,,,2023-08-22,1.7824,1.7824,eastmoney:lsjz-backfill
160716,,,2023-08-23,1.7681,1.7681,eastmoney:lsjz-backfill
160716,,,2023-08-24,1.7527,1.7527,eastmoney:lsjz-backfill
160716,,,2023-08-25,1.7634,1.7634,eastmoney:lsjz-backfill
160716,,,2023-08-28,1.792,1.792,eastmoney:lsjz-backfill
160716,,,2023-08-29,1.7864,1.7864,eastmoney:lsjz-backfill
160716,,,2023-08-30,1.7756,1.7756,eastmoney:lsjz-backfill
160716,,,2023-08-31,1.7672,1.7672,eastmoney:lsjz-backfill
160716,,,2023-09-01,1.7888,1.7888,eastmoney:lsjz-backfill
160716,,,2023-09-04,1.8189,1.8189,eastmoney:lsjz-backfill
160716,,,2023-09-05,1.8,1.8,eastmoney:lsjz-backfill
160716,,,2023-09-06,1.8054,1.8054,eastmoney:lsjz-backfill
160716,,,2023-09-07,1.794,1.794,eastmoney:lsjz-backfill
160716,,,2023-09-08,1.7868,1.7868,eastmoney:lsjz-backfill
160716,,,2023-09-11,1.7899,1.7899,eastmoney:lsjz-backfill
160716,,,2023-09-12,1.7869,1.7869,eastmoney:lsjz-backfill
160716,,,2023-09-13,1.7854,1.7854,eastmoney:lsjz-backfill
160716,,,2023-09-14,1.7938,1.7938,eastmoney:lsjz-backfill
160716,,,2023-09-15,1.78,1.78,eastmoney:lsjz-backfill
160716,,,2023-09-18,1.7797,1.7797,eastmoney:lsjz-backfill
160716,,,2023-09-19,1.7876,1.7876,eastmoney:lsjz-backfill
160716,,,2023-09-20,1.7884,1.7884,eastmoney:lsjz-backfill
160716,,,2023-09-21,1.7762,1.7762,eastmoney:lsjz-backfill
160716,,,2023-09-22,1.8045,1.8045,eastmoney:lsjz-backfill
160716,,,2023-09-25,1.7894,1.7894,eastmoney:lsjz-backfill
160716,,,2023-09-26,1.7773,1.7773,eastmoney:lsjz-backfill
160716,,,2023-09-27,1.7748,1.7748,eastmoney:lsjz-backfill
160716,,,2023-09-28,1.7734,1.7734,eastmoney:lsjz-backfill
160716,,,2023-10-09,1.764,1.764,eastmoney:lsjz-backfill
160716,,,2023-10-10,1.7426,1.7426,eastmoney:lsjz-backfill
160716,,,2023-10-11,1.7416,1.7416,eastmoney:lsjz-backfill
160716,,,2023-10-12,1.7663,1.7663,eastmoney:lsjz-backfill
160716,,,2023-10-13,1.7574,1.7574,eastmoney:lsjz-backfill
160716,,,2023-10-16,1.7513,1.7513,eastmoney:lsjz-backfill
160716,,,2023-10-17,1.7588,1.7588,eastmoney:lsjz-backfill
160716,,,2023-10-18,1.7507,1.7507,eastmoney:lsjz-backfill
160716,,,2023-10-19,1.7101,1.7101,eastmoney:lsjz-backfill
160716,,,2023-10-20,1.7013,1.7013,eastmoney:lsjz-backfill
160716,,,2023-10-23,1.6905,1.6905,eastmoney:lsjz-backfill
160716,,,2023-10-24,1.6895,1.6895,eastmoney:lsjz-backfill
160716,,,2023-10-25,1.6967,1.6967,eastmoney:lsjz-backfill
160716,,,2023-10-26,1.7033,1.7033,eastmoney:lsjz-backfill
160716,,,2023-10-27,1.7049,1.7049,eastmoney:lsjz-backfill
160716,,,2023-10-30,1.6865,1.6865,eastmoney:lsjz-backfill
160716,,,2023-10-31,1.6867,1.6867,eastmoney:lsjz-backfill
160716,,,2023-11-01,1.6858,1.6858,eastmoney:lsjz-backfill
160716,,,2023-11-02,1.6908,1.6908,eastmoney:lsjz-backfill
160716,,,2023-11-03,1.6904,1.6904,eastmoney:lsjz-backfill
160716,,,2023-11-06,1.699,1.699,eastmoney:lsjz-backfill
160716,,,2023-11-07,1.6919,1.6919,eastmoney:lsjz-backfill
160716,,,2023-11-08,1.6852,1.6852,eastmoney:lsjz-backfill
160716,,,2023-11-09,1.6861,1.6861,eastmoney:lsjz-backfill
160716,,,2023-11-10,1.6723,1.6723,eastmoney:lsjz-backfill
160716,,,2023-11-13,1.6702,1.6702,eastmoney:lsjz-backfill
160716,,,2023-11-14,1.6726,1.6726,eastmoney:lsjz-backfill
160716,,,2023-11-15,1.6828,1.6828,eastmoney:lsjz-backfill
160716,,,2023-11-16,1.675,1.675,eastmoney:lsjz-backfill
160716,,,2023-11-17,1.6672,1.6672,eastmoney:lsjz-backfill
160716,,,2023-11-20,1.6717,1.6717,eastmoney:lsjz-backfill
160716,,,2023-11-21,1.6795,1.6795,eastmoney:lsjz-backfill
160716,,,2023-11-22,1.6718,1.6718,eastmoney:lsjz-backfill
160716,,,2023-11-23,1.6805,1.6805,eastmoney:lsjz-backfill
160716,,,2023-11-24,1.6763,1.6763,eastmoney:lsjz-backfill
160716,,,2023-11-27,1.6639,1.6639,eastmoney:lsjz-backfill
160716,,,2023-11-28,1.6609,1.6609,eastmoney:lsjz-backfill
160716,,,2023-11-29,1.6433,1.6433,eastmoney:lsjz-backfill
160716,,,2023-11-30,1.6508,1.6508,eastmoney:lsjz-backfill
160716,,,2023-12-01,1.6493,1.6493,eastmoney:lsjz-backfill
160716,,,2023-12-04,1.6413,1.6413,eastmoney:lsjz-backfill
160716,,,2023-12-05,1.6154,1.6154,eastmoney:lsjz-backfill
160716,,,2023-12-06,1.6089,1.6089,eastmoney:lsjz-backfill
160716,,,2023-12-07,1.6104,1.6104,eastmoney:lsjz-backfill
160716,,,2023-12-08,1.6111,1.6111,eastmoney:lsjz-backfill
160716,,,2023-12-11,1.6141,1.6141,eastmoney:lsjz-backfill
160716,,,2023-12-12,1.6298,1.6298,eastmoney:lsjz-backfill
160716,,,2023-12-13,1.6077,1.6077,eastmoney:lsjz-backfill
160716,,,2023-12-14,1.6013,1.6013,eastmoney:lsjz-backfill
160716,,,2023-12-15,1.5967,1.5967,eastmoney:lsjz-backfill
160716,,,2023-12-18,1.6007,1.6007,eastmoney:lsjz-backfill
160716,,,2023-12-19,1.5989,1.5989,eastmoney:lsjz-backfill
160716,,,2023-12-20,1.5887,1.5887,eastmoney:lsjz-backfill
160716,,,2023-12-21,1.597,1.597,eastmoney:lsjz-backfill
160716,,,2023-12-22,1.6056,1.6056,eastmoney:lsjz-backfill
160716,,,2023-12-25,1.6044,1.6044,eastmoney:lsjz-backfill
160716,,,2023-12-26,1.5991,1.5991,eastmoney:lsjz-backfill
160716,,,2023-12-27,1.6064,1.6064,eastmoney:lsjz-backfill
160716,,,2023-12-28,1.6245,1.6245,eastmoney:lsjz-backfill
160716,,,2023-12-29,1.6331,1.6331,eastmoney:lsjz-backfill
160716,,,2023-12-31,1.633,1.633,eastmoney:lsjz-backfill
160716,,,2024-01-02,1.6177,1.6177,eastmoney:lsjz-backfill
160716,,,2024-01-03,1.6258,1.6258,eastmoney:lsjz-backfill
160716,,,2024-01-04,1.6232,1.6232,eastmoney:lsjz-backfill
160716,,,2024-01-05,1.6292,1.6292,eastmoney:lsjz-backfill
160716,,,2024-01-08,1.6164,1.6164,eastmoney:lsjz-backfill
160716,,,2024-01-09,1.6178,1.6178,eastmoney:lsjz-backfill
160716,,,2024-01-10,1.6062,1.6062,eastmoney:lsjz-backfill
160716,,,2024-01-11,1.6022,1.6022,eastmoney:lsjz-backfill
160716,,,2024-01-12,1.6055,1.6055,eastmoney:lsjz-backfill
160716,,,2024-01-15,1.6143,1.6143,eastmoney:lsjz-backfill
160716,,,2024-01-16,1.6247,1.6247,eastmoney:lsjz-backfill
160716,,,2024-01-17,1.604,1.604,eastmoney:lsjz-backfill
160716,,,2024-01-18,1.6107,1.6107,eastmoney:lsjz-backfill
160716,,,2024-01-19,1.6119,1.6119,eastmoney:lsjz-backfill
160716,,,2024-01-22,1.6001,1.6001,eastmoney:lsjz-backfill
160716,,,2024-01-23,1.6009,1.6009,eastmoney:lsjz-backfill
160716,,,2024-01-24,1.6397,1.6397,eastmoney:lsjz-backfill
160716,,,2024-01-25,1.6851,1.6851,eastmoney:lsjz-backfill
160716,,,2024-01-26,1.7028,1.7028,eastmoney:lsjz-backfill
160716,,,2024-01-29,1.7131,1.7131,eastmoney:lsjz-backfill
160716,,,2024-01-30,1.697,1.697,eastmoney:lsjz-backfill
160716,,,2024-01-31,1.6944,1.6944,eastmoney:lsjz-backfill
160716,,,2024-02-01,1.6808,1.6808,eastmoney:lsjz-backfill
160716,,,2024-02-02,1.6831,1.6831,eastmoney:lsjz-backfill
160716,,,2024-02-05,1.6949,1.6949,eastmoney:lsjz-backfill
160716,,,2024-02-06,1.7188,1.7188,eastmoney:lsjz-backfill
160716,,,2024-02-07,1.7247,1.7247,eastmoney:lsjz-backfill
160716,,,2024-02-08,1.7266,1.7266,eastmoney:lsjz-backfill
160716,,,2024-02-19,1.751,1.751,eastmoney:lsjz-backfill
160716,,,2024-02-20,1.7593,1.7593,eastmoney:lsjz-backfill
160716,,,2024-02-21,1.7879,1.7879,eastmoney:lsjz-backfill
160716,,,2024-02-22,1.7995,1.7995,eastmoney:lsjz-backfill
160716,,,2024-02-23,1.8031,1.8031,eastmoney:lsjz-backfill
160716,,,2024-02-26,1.7676,1.7676,eastmoney:lsjz-backfill
160716,,,2024-02-27,1.7738,1.7738,eastmoney:lsjz-backfill
160716,,,2024-02-28,1.7654,1.7654,eastmoney:lsjz-backfill
160716,,,2024-02-29,1.776,1.776,eastmoney:lsjz-backfill
160716,,,2024-03-01,1.7779,1.7779,eastmoney:lsjz-backfill
160716,,,2024-03-04,1.7693,1.7693,eastmoney:lsjz-backfill
160716,,,2024-03-05,1.7905,1.7905,eastmoney:lsjz-backfill
160716,,,2024-03-06,1.7768,1.7768,eastmoney:lsjz-backfill
160716,,,2024-03-07,1.7835,1.7835,eastmoney:lsjz-backfill
160716,,,2024-03-08,1.7853,1.7853,eastmoney:lsjz-backfill
160716,,,2024-03-11,1.784,1.784,eastmoney:lsjz-backfill
160716,,,2024-03-12,1.7716,1.7716,eastmoney:lsjz-backfill
160716,,,2024-03-13,1.7527,1.7527,eastmoney:lsjz-backfill
160716,,,2024-03-14,1.7545,1.7545,eastmoney:lsjz-backfill
160716,,,2024-03-15,1.7559,1.7559,eastmoney:lsjz-backfill
160716,,,2024-03-18,1.758,1.758,eastmoney:lsjz-backfill
160716,,,2024-03-19,1.7452,1.7452,eastmoney:lsjz-backfill
160716,,,2024-03-20,1.7538,1.7538,eastmoney:lsjz-backfill
160716,,,2024-03-21,1.757,1.757,eastmoney:lsjz-backfill
160716,,,2024-03-22,1.7458,1.7458,eastmoney:lsjz-backfill
160716,,,2024-03-25,1.75,1.75,eastmoney:lsjz-backfill
160716,,,2024-03-26,1.7628,1.7628,eastmoney:lsjz-backfill
160716,,,2024-03-27,1.7622,1.7622,eastmoney:lsjz-backfill
160716,,,2024-03-28,1.7553,1.7553,eastmoney:lsjz-backfill
160716,,,2024-03-29,1.7622,1.7622,eastmoney:lsjz-backfill
160716,,,2024-04-01,1.7774,1.7774,eastmoney:lsjz-backfill
160716,,,2024-04-02,1.7744,1.7744,eastmoney:lsjz-backfill
160716,,,2024-04-03,1.7701,1.7701,eastmoney:lsjz-backfill
160716,,,2024-04-08,1.7673,1.7673,eastmoney:lsjz-backfill
160716,,,2024-04-09,1.7525,1.7525,eastmoney:lsjz-backfill
160716,,,2024-04-10,1.745,1.745,eastmoney:lsjz-backfill
160716,,,2024-04-11,1.7447,1.7447,eastmoney:lsjz-backfill
160716,,,2024-04-12,1.7293,1.7293,eastmoney:lsjz-backfill
160716,,,2024-04-15,1.7713,1.7713,eastmoney:lsjz-backfill
160716,,,2024-04-16,1.7734,1.7734,eastmoney:lsjz-backfill
160716,,,2024-04-17,1.7953,1.7953,eastmoney:lsjz-backfill
160716,,,2024-04-18,1.8033,1.8033,eastmoney:lsjz-backfill
160716,,,2024-04-19,1.8013,1.8013,eastmoney:lsjz-backfill
160716,,,2024-04-22,1.7863,1.7863,eastmoney:lsjz-backfill
160716,,,2024-04-23,1.7734,1.7734,eastmoney:lsjz-backfill
160716,,,2024-04-24,1.7782,1.7782,eastmoney:lsjz-backfill
160716,,,2024-04-25,1.7904,1.7904,eastmoney:lsjz-backfill
160716,,,2024-04-26,1.7978,1.7978,eastmoney:lsjz-backfill
160716,,,2024-04-29,1.8043,1.8043,eastmoney:lsjz-backfill
160716,,,2024-04-30,1.8006,1.8006,eastmoney:lsjz-backfill
160716,,,2024-05-06,1.8119,1.8119,eastmoney:lsjz-backfill
160716,,,2024-05-07,1.8132,1.8132,eastmoney:lsjz-backfill
160716,,,2024-05-08,1.8071,1.8071,eastmoney:lsjz-backfill
160716,,,2024-05-09,1.8161,1.8161,eastmoney:lsjz-backfill
160716,,,2024-05-10,1.8336,1.8336,eastmoney:lsjz-backfill
160716,,,2024-05-13,1.8388,1.8388,eastmoney:lsjz-backfill
160716,,,2024-05-14,1.827,1.827,eastmoney:lsjz-backfill
160716,,,2024-05-15,1.8248,1.8248,eastmoney:lsjz-backfill
160716,,,2024-05-16,1.8449,1.8449,eastmoney:lsjz-backfill
160716,,,2024-05-17,1.8776,1.8776,eastmoney:lsjz-backfill
160716,,,2024-05-20,1.8777,1.8777,eastmoney:lsjz-backfill
160716,,,2024-05-21,1.8816,1.8816,eastmoney:lsjz-backfill
160716,,,2024-05-22,1.8868,1.8868,eastmoney:lsjz-backfill
160716,,,2024-05-23,1.8714,1.8714,eastmoney:lsjz-backfill
160716,,,2024-05-24,1.8533,1.8533,eastmoney:lsjz-backfill
160716,,,2024-05-27,1.874,1.874,eastmoney:lsjz-backfill
160716,,,2024-05-28,1.8651,1.8651,eastmoney:lsjz-backfill
160716,,,2024-05-29,1.8583,1.8583,eastmoney:lsjz-backfill
160716,,,2024-05-30,1.8423,1.8423,eastmoney:lsjz-backfill
160716,,,2024-05-31,1.8375,1.8375,eastmoney:lsjz-backfill
160716,,,2024-06-03,1.8411,1.8411,eastmoney:lsjz-backfill
160716,,,2024-06-04,1.8492,1.8492,eastmoney:lsjz-backfill
160716,,,2024-06-05,1.835,1.835,eastmoney:lsjz-backfill
160716,,,2024-06-06,1.8385,1.8385,eastmoney:lsjz-backfill
160716,,,2024-06-07,1.8446,1.8446,eastmoney:lsjz-backfill
160716,,,2024-06-11,1.8124,1.8124,eastmoney:lsjz-backfill
160716,,,2024-06-12,1.8105,1.8105,eastmoney:lsjz-backfill
160716,,,2024-06-13,1.799,1.799,eastmoney:lsjz-backfill
160716,,,2024-06-14,1.8125,1.8125,eastmoney:lsjz-backfill
160716,,,2024-06-18,1.8041,1.8041,eastmoney:lsjz-backfill
160716,,,2024-06-19,1.8114,1.8114,eastmoney:lsjz-backfill
160716,,,2024-06-20,1.8034,1.8034,eastmoney:lsjz-backfill
160716,,,2024-06-21,1.8021,1.8021,eastmoney:lsjz-backfill
160716,,,2024-06-24,1.7993,1.7993,eastmoney:lsjz-backfill
160716,,,2024-06-25,1.8018,1.8018,eastmoney:lsjz-backfill
160716,,,2024-06-26,1.8026,1.8026,eastmoney:lsjz-backfill
160716,,,2024-06-27,1.8046,1.8046,eastmoney:lsjz-backfill
160716,,,2024-06-28,1.8149,1.8149,eastmoney:lsjz-backfill
160716,,,2024-06-30,1.8147,1.8147,eastmoney:lsjz-backfill
160716,,,2024-07-01,1.833,1.833,eastmoney:lsjz-backfill
160716,,,2024-07-02,1.8463,1.8463,eastmoney:lsjz-backfill
160716,,,2024-07-03,1.8416,1.8416,eastmoney:lsjz-backfill
160716,,,2024-07-04,1.8385,1.8385,eastmoney:lsjz-backfill
160716,,,2024-07-05,1.8133,1.8133,eastmoney:lsjz-backfill
160716,,,2024-07-08,1.8075,1.8075,eastmoney:lsjz-backfill
160716,,,2024-07-09,1.8222,1.8222,eastmoney:lsjz-backfill
160716,,,2024-07-10,1.819,1.819,eastmoney:lsjz-backfill
160716,,,2024-07-11,1.827,1.827,eastmoney:lsjz-backfill
160716,,,2024-07-12,1.8476,1.8476,eastmoney:lsjz-backfill
160716,,,2024-07-15,1.8517,1.8517,eastmoney:lsjz-backfill
160716,,,2024-07-16,1.8513,1.8513,eastmoney:lsjz-backfill
160716,,,2024-07-17,1.8611,1.8611,eastmoney:lsjz-backfill
160716,,,2024-07-18,1.8679,1.8679,eastmoney:lsjz-backfill
160716,,,2024-07-19,1.8692,1.8692,eastmoney:lsjz-backfill
160716,,,2024-07-22,1.8512,1.8512,eastmoney:lsjz-backfill
160716,,,2024-07-23,1.8446,1.8446,eastmoney:lsjz-backfill
160716,,,2024-07-24,1.8429,1.8429,eastmoney:lsjz-backfill
160716,,,2024-07-25,1.8303,1.8303,eastmoney:lsjz-backfill
160716,,,2024-07-26,1.8228,1.8228,eastmoney:lsjz-backfill
160716,,,2024-07-29,1.836,1.836,eastmoney:lsjz-backfill
160716,,,2024-07-30,1.8267,1.8267,eastmoney:lsjz-backfill
160716,,,2024-07-31,1.841,1.841,eastmoney:lsjz-backfill
160716,,,2024-08-01,1.8399,1.8399,eastmoney:lsjz-backfill
160716,,,2024-08-02,1.8264,1.8264,eastmoney:lsjz-backfill
160716,,,2024-08-05,1.8116,1.8116,eastmoney:lsjz-backfill
160716,,,2024-08-06,1.7954,1.7954,eastmoney:lsjz-backfill
160716,,,2024-08-07,1.796,1.796,eastmoney:lsjz-backfill
160716,,,2024-08-08,1.8005,1.8005,eastmoney:lsjz-backfill
160716,,,2024-08-09,1.804,1.804,eastmoney:lsjz-backfill
160716,,,2024-08-12,1.7969,1.7969,eastmoney:lsjz-backfill
160716,,,2024-08-13,1.8018,1.8018,eastmoney:lsjz-backfill
160716,,,2024-08-14,1.7961,1.7961,eastmoney:lsjz-backfill
160716,,,2024-08-15,1.8179,1.8179,eastmoney:lsjz-backfill
160716,,,2024-08-16,1.8309,1.8309,eastmoney:lsjz-backfill
160716,,,2024-08-19,1.8486,1.8486,eastmoney:lsjz-backfill
160716,,,2024-08-20,1.8425,1.8425,eastmoney:lsjz-backfill
160716,,,2024-08-21,1.835,1.835,eastmoney:lsjz-backfill
160716,,,2024-08-22,1.8421,1.8421,eastmoney:lsjz-backfill
160716,,,2024-08-23,1.8566,1.8566,eastmoney:lsjz-backfill
160716,,,2024-08-26,1.8588,1.8588,eastmoney:lsjz-backfill
160716,,,2024-08-27,1.8555,1.8555,eastmoney:lsjz-backfill
160716,,,2024-08-28,1.8396,1.8396,eastmoney:lsjz-backfill
160716,,,2024-08-29,1.8011,1.8011,eastmoney:lsjz-backfill
160716,,,2024-08-30,1.8061,1.8061,eastmoney:lsjz-backfill
160716,,,2024-09-02,1.7928,1.7928,eastmoney:lsjz-backfill
160716,,,2024-09-03,1.7758,1.7758,eastmoney:lsjz-backfill
160716,,,2024-09-04,1.7615,1.7615,eastmoney:lsjz-backfill
160716,,,2024-09-05,1.7645,1.7645,eastmoney:lsjz-backfill
160716,,,2024-09-06,1.7606,1.7606,eastmoney:lsjz-backfill
160716,,,2024-09-09,1.7313,1.7313,eastmoney:lsjz-backfill
160716,,,2024-09-10,1.7346,1.7346,eastmoney:lsjz-backfill
160716,,,2024-09-11,1.7131,1.7131,eastmoney:lsjz-backfill
160716,,,2024-09-12,1.7161,1.7161,eastmoney:lsjz-backfill
160716,,,2024-09-13,1.7135,1.7135,eastmoney:lsjz-backfill
160716,,,2024-09-18,1.7328,1.7328,eastmoney:lsjz-backfill
160716,,,2024-09-19,1.742,1.742,eastmoney:lsjz-backfill
160716,,,2024-09-20,1.7518,1.7518,eastmoney:lsjz-backfill
160716,,,2024-09-23,1.7687,1.7687,eastmoney:lsjz-backfill
160716,,,2024-09-24,1.84,1.84,eastmoney:lsjz-backfill
160716,,,2024-09-25,1.8782,1.8782,eastmoney:lsjz-backfill
160716,,,2024-09-26,1.9592,1.9592,eastmoney:lsjz-backfill
160716,,,2024-09-27,1.984,1.984,eastmoney:lsjz-backfill
160716,,,2024-09-30,2.1069,2.1069,eastmoney:lsjz-backfill
160716,,,2024-10-08,2.1805,2.1805,eastmoney:lsjz-backfill
160716,,,2024-10-09,2.0221,2.0221,eastmoney:lsjz-backfill
160716,,,2024-10-10,2.1041,2.1041,eastmoney:lsjz-backfill
160716,,,2024-10-11,2.0659,2.0659,eastmoney:lsjz-backfill
160716,,,2024-10-14,2.115,2.115,eastmoney:lsjz-backfill
160716,,,2024-10-15,2.0687,2.0687,eastmoney:lsjz-backfill
160716,,,2024-10-16,2.0933,2.0933,eastmoney:lsjz-backfill
160716,,,2024-10-17,2.0515,2.0515,eastmoney:lsjz-backfill
160716,,,2024-10-18,2.0791,2.0791,eastmoney:lsjz-backfill
160716,,,2024-10-21,2.073,2.073,eastmoney:lsjz-backfill
160716,,,2024-10-22,2.0789,2.0789,eastmoney:lsjz-backfill
160716,,,2024-10-23,2.0929,2.0929,eastmoney:lsjz-backfill
160716,,,2024-10-24,2.0755,2.0755,eastmoney:lsjz-backfill
160716,,,2024-10-25,2.0712,2.0712,eastmoney:lsjz-backfill
160716,,,2024-10-28,2.0675,2.0675,eastmoney:lsjz-backfill
160716,,,2024-10-29,2.0528,2.0528,eastmoney:lsjz-backfill
160716,,,2024-10-30,2.0324,2.0324,eastmoney:lsjz-backfill
160716,,,2024-10-31,2.0241,2.0241,eastmoney:lsjz-backfill
160716,,,2024-11-01,2.0442,2.0442,eastmoney:lsjz-backfill
160716,,,2024-11-04,2.0547,2.0547,eastmoney:lsjz-backfill
160716,,,2024-11-05,2.0855,2.0855,eastmoney:lsjz-backfill
160716,,,2024-11-06,2.0706,2.0706,eastmoney:lsjz-backfill
160716,,,2024-11-07,2.1302,2.1302,eastmoney:lsjz-backfill
160716,,,2024-11-08,2.0951,2.0951,eastmoney:lsjz-backfill
160716,,,2024-11-11,2.072,2.072,eastmoney:lsjz-backfill
160716,,,2024-11-12,2.052,2.052,eastmoney:lsjz-backfill
160716,,,2024-11-13,2.069,2.069,eastmoney:lsjz-backfill
160716,,,2024-11-14,2.059,2.059,eastmoney:lsjz-backfill
160716,,,2024-11-15,2.0475,2.0475,eastmoney:lsjz-backfill
160716,,,2024-11-18,2.0881,2.0881,eastmoney:lsjz-backfill
160716,,,2024-11-19,2.0634,2.0634,eastmoney:lsjz-backfill
160716,,,2024-11-20,2.061,2.061,eastmoney:lsjz-backfill
160716,,,2024-11-21,2.0584,2.0584,eastmoney:lsjz-backfill
160716,,,2024-11-22,2.0063,2.0063,eastmoney:lsjz-backfill
160716,,,2024-11-25,2.004,2.004,eastmoney:lsjz-backfill
160716,,,2024-11-26,2.01,2.01,eastmoney:lsjz-backfill
160716,,,2024-11-27,2.029,2.029,eastmoney:lsjz-backfill
160716,,,2024-11-28,2.0202,2.0202,eastmoney:lsjz-backfill
160716,,,2024-11-29,2.0261,2.0261,eastmoney:lsjz-backfill
160716,,,2024-12-02,2.0384,2.0384,eastmoney:lsjz-backfill
160716,,,2024-12-03,2.0601,2.0601,eastmoney:lsjz-backfill
160716,,,2024-12-04,2.0552,2.0552,eastmoney:lsjz-backfill
160716,,,2024-12-05,2.048,2.048,eastmoney:lsjz-backfill
160716,,,2024-12-06,2.071,2.071,eastmoney:lsjz-backfill
160716,,,2024-12-09,2.0713,2.0713,eastmoney:lsjz-backfill
160716,,,2024-12-10,2.0874,2.0874,eastmoney:lsjz-backfill
160716,,,2024-12-11,2.0788,2.0788,eastmoney:lsjz-backfill
160716,,,2024-12-12,2.0976,2.0976,eastmoney:lsjz-backfill
160716,,,2024-12-13,2.057,2.057,eastmoney:lsjz-backfill
160716,,,2024-12-16,2.0573,2.0573,eastmoney:lsjz-backfill
160716,,,2024-12-17,2.0575,2.0575,eastmoney:lsjz-backfill
160716,,,2024-12-18,2.075,2.075,eastmoney:lsjz-backfill
160716,,,2024-12-19,2.0637,2.0637,eastmoney:lsjz-backfill
160716,,,2024-12-20,2.0505,2.0505,eastmoney:lsjz-backfill
160716,,,2024-12-23,2.0716,2.0716,eastmoney:lsjz-backfill
160716,,,2024-12-24,2.0961,2.0961,eastmoney:lsjz-backfill
160716,,,2024-12-25,2.1078,2.1078,eastmoney:lsjz-backfill
160716,,,2024-12-26,2.0972,2.0972,eastmoney:lsjz-backfill
160716,,,2024-12-27,2.0997,2.0997,eastmoney:lsjz-backfill
160716,,,2024-12-30,2.1192,2.1192,eastmoney:lsjz-backfill
160716,,,2024-12-31,2.0951,2.0951,eastmoney:lsjz-backfill
160716,,,2025-01-02,2.0414,2.0414,eastmoney:lsjz-backfill
160716,,,2025-01-03,2.0241,2.0241,eastmoney:lsjz-backfill
160716,,,2025-01-06,2.0252,2.0252,eastmoney:lsjz-backfill
160716,,,2025-01-07,2.0323,2.0323,eastmoney:lsjz-backfill
160716,,,2025-01-08,2.0349,2.0349,eastmoney:lsjz-backfill
160716,,,2025-01-09,2.018,2.018,eastmoney:lsjz-backfill
160716,,,2025-01-10,1.9963,1.9963,eastmoney:lsjz-backfill
160716,,,2025-01-13,1.9797,1.9797,eastmoney:lsjz-backfill
160716,,,2025-01-14,2.0106,2.0106,eastmoney:lsjz-backfill
160716,,,2025-01-15,2.0117,2.0117,eastmoney:lsjz-backfill
160716,,,2025-01-16,2.0218,2.0218,eastmoney:lsjz-backfill
160716,,,2025-01-17,2.0162,2.0162,eastmoney:lsjz-backfill
160716,,,2025-01-20,2.018,2.018,eastmoney:lsjz-backfill
160716,,,2025-01-21,2.0161,2.0161,eastmoney:lsjz-backfill
160716,,,2025-01-22,1.9844,1.9844,eastmoney:lsjz-backfill
160716,,,2025-01-23,2.0182,2.0182,eastmoney:lsjz-backfill
160716,,,2025-01-24,2.0272,2.0272,eastmoney:lsjz-backfill
160716,,,2025-01-27,2.0415,2.0415,eastmoney:lsjz-backfill
160716,,,2025-02-05,2.0055,2.0055,eastmoney:lsjz-backfill
160716,,,2025-02-06,2.0136,2.0136,eastmoney:lsjz-backfill
160716,,,2025-02-07,2.0302,2.0302,eastmoney:lsjz-backfill
160716,,,2025-02-10,2.0343,2.0343,eastmoney:lsjz-backfill
160716,,,2025-02-11,2.0369,2.0369,eastmoney:lsjz-backfill
160716,,,2025-02-12,2.0523,2.0523,eastmoney:lsjz-backfill
160716,,,2025-02-13,2.0571,2.0571,eastmoney:lsjz-backfill
160716,,,2025-02-14,2.0691,2.0691,eastmoney:lsjz-backfill
160716,,,2025-02-17,2.0709,2.0709,eastmoney:lsjz-backfill
160716,,,2025-02-18,2.0673,2.0673,eastmoney:lsjz-backfill
160716,,,2025-02-19,2.0627,2.0627,eastmoney:lsjz-backfill
160716,,,2025-02-20,2.0479,2.0479,eastmoney:lsjz-backfill
160716,,,2025-02-21,2.0446,2.0446,eastmoney:lsjz-backfill
160716,,,2025-02-24,2.0477,2.0477,eastmoney:lsjz-backfill
160716,,,2025-02-25,2.0255,2.0255,eastmoney:lsjz-backfill
160716,,,2025-02-26,2.0398,2.0398,eastmoney:lsjz-backfill
160716,,,2025-02-27,2.0522,2.0522,eastmoney:lsjz-backfill
160716,,,2025-02-28,2.0324,2.0324,eastmoney:lsjz-backfill
160716,,,2025-03-03,2.0311,2.0311,eastmoney:lsjz-backfill
160716,,,2025-03-04,2.0228,2.0228,eastmoney:lsjz-backfill
160716,,,2025-03-05,2.0377,2.0377,eastmoney:lsjz-backfill
160716,,,2025-03-06,2.0481,2.0481,eastmoney:lsjz-backfill
160716,,,2025-03-07,2.0429,2.0429,eastmoney:lsjz-backfill
160716,,,2025-03-10,2.0281,2.0281,eastmoney:lsjz-backfill
160716,,,2025-03-11,2.0345,2.0345,eastmoney:lsjz-backfill
160716,,,2025-03-12,2.0276,2.0276,eastmoney:lsjz-backfill
160716,,,2025-03-13,2.0312,2.0312,eastmoney:lsjz-backfill
160716,,,2025-03-14,2.0711,2.0711,eastmoney:lsjz-backfill
160716,,,2025-03-17,2.0762,2.0762,eastmoney:lsjz-backfill
160716,,,2025-03-18,2.0765,2.0765,eastmoney:lsjz-backfill
160716,,,2025-03-19,2.0829,2.0829,eastmoney:lsjz-backfill
160716,,,2025-03-20,2.0652,2.0652,eastmoney:lsjz-backfill
160716,,,2025-03-21,2.0473,2.0473,eastmoney:lsjz-backfill
160716,,,2025-03-24,2.0574,2.0574,eastmoney:lsjz-backfill
160716,,,2025-03-25,2.0636,2.0636,eastmoney:lsjz-backfill
160716,,,2025-03-26,2.0505,2.0505,eastmoney:lsjz-backfill
160716,,,2025-03-27,2.0555,2.0555,eastmoney:lsjz-backfill
160716,,,2025-03-28,2.0479,2.0479,eastmoney:lsjz-backfill
160716,,,2025-03-31,2.0401,2.0401,eastmoney:lsjz-backfill
160716,,,2025-04-01,2.0346,2.0346,eastmoney:lsjz-backfill
160716,,,2025-04-02,2.0421,2.0421,eastmoney:lsjz-backfill
160716,,,2025-04-03,2.0434,2.0434,eastmoney:lsjz-backfill
160716,,,2025-04-07,1.9336,1.9336,eastmoney:lsjz-backfill
160716,,,2025-04-08,1.9842,1.9842,eastmoney:lsjz-backfill
160716,,,2025-04-09,1.9864,1.9864,eastmoney:lsjz-backfill
160716,,,2025-04-10,1.9974,1.9974,eastmoney:lsjz-backfill
160716,,,2025-04-11,1.9941,1.9941,eastmoney:lsjz-backfill
160716,,,2025-04-14,1.9984,1.9984,eastmoney:lsjz-backfill
160716,,,2025-04-15,2.0145,2.0145,eastmoney:lsjz-backfill
160716,,,2025-04-16,2.0313,2.0313,eastmoney:lsjz-backfill
160716,,,2025-04-17,2.0345,2.0345,eastmoney:lsjz-backfill
160716,,,2025-04-18,2.0434,2.0434,eastmoney:lsjz-backfill
160716,,,2025-04-21,2.0285,2.0285,eastmoney:lsjz-backfill
160716,,,2025-04-22,2.0377,2.0377,eastmoney:lsjz-backfill
160716,,,2025-04-23,2.0303,2.0303,eastmoney:lsjz-backfill
160716,,,2025-04-24,2.0442,2.0442,eastmoney:lsjz-backfill
160716,,,2025-04-25,2.04,2.04,eastmoney:lsjz-backfill
160716,,,2025-04-28,2.0427,2.0427,eastmoney:lsjz-backfill
160716,,,2025-04-29,2.038,2.038,eastmoney:lsjz-backfill
160716,,,2025-04-30,2.0176,2.0176,eastmoney:lsjz-backfill
160716,,,2025-05-06,2.0227,2.0227,eastmoney:lsjz-backfill
160716,,,2025-05-07,2.0453,2.0453,eastmoney:lsjz-backfill
160716,,,2025-05-08,2.0568,2.0568,eastmoney:lsjz-backfill
160716,,,2025-05-09,2.0669,2.0669,eastmoney:lsjz-backfill
160716,,,2025-05-12,2.0789,2.0789,eastmoney:lsjz-backfill
160716,,,2025-05-13,2.0966,2.0966,eastmoney:lsjz-backfill
160716,,,2025-05-14,2.1247,2.1247,eastmoney:lsjz-backfill
160716,,,2025-05-15,2.117,2.117,eastmoney:lsjz-backfill
160716,,,2025-05-16,2.0981,2.0981,eastmoney:lsjz-backfill
160716,,,2025-05-19,2.0944,2.0944,eastmoney:lsjz-backfill
160716,,,2025-05-20,2.102,2.102,eastmoney:lsjz-backfill
160716,,,2025-05-21,2.111,2.111,eastmoney:lsjz-backfill
160716,,,2025-05-22,2.1186,2.1186,eastmoney:lsjz-backfill
160716,,,2025-05-23,2.0977,2.0977,eastmoney:lsjz-backfill
160716,,,2025-05-26,2.0867,2.0867,eastmoney:lsjz-backfill
160716,,,2025-05-27,2.0876,2.0876,eastmoney:lsjz-backfill
160716,,,2025-05-28,2.0861,2.0861,eastmoney:lsjz-backfill
160716,,,2025-05-29,2.0882,2.0882,eastmoney:lsjz-backfill
160716,,,2025-05-30,2.0901,2.0901,eastmoney:lsjz-backfill
160716,,,2025-06-03,2.0983,2.0983,eastmoney:lsjz-backfill
160716,,,2025-06-04,2.1015,2.1015,eastmoney:lsjz-backfill
160716,,,2025-06-05,2.0977,2.0977,eastmoney:lsjz-backfill
160716,,,2025-06-06,2.1,2.1,eastmoney:lsjz-backfill
160716,,,2025-06-09,2.1026,2.1026,eastmoney:lsjz-backfill
160716,,,2025-06-10,2.1021,2.1021,eastmoney:lsjz-backfill
160716,,,2025-06-11,2.1174,2.1174,eastmoney:lsjz-backfill
160716,,,2025-06-12,2.119,2.119,eastmoney:lsjz-backfill
160716,,,2025-06-13,2.1078,2.1078,eastmoney:lsjz-backfill
160716,,,2025-06-16,2.1171,2.1171,eastmoney:lsjz-backfill
160716,,,2025-06-17,2.1193,2.1193,eastmoney:lsjz-backfill
160716,,,2025-06-18,2.12,2.12,eastmoney:lsjz-backfill
160716,,,2025-06-19,2.1067,2.1067,eastmoney:lsjz-backfill
160716,,,2025-06-20,2.1231,2.1231,eastmoney:lsjz-backfill
160716,,,2025-06-23,2.1352,2.1352,eastmoney:lsjz-backfill
160716,,,2025-06-24,2.1568,2.1568,eastmoney:lsjz-backfill
160716,,,2025-06-25,2.1781,2.1781,eastmoney:lsjz-backfill
160716,,,2025-06-26,2.1818,2.1818,eastmoney:lsjz-backfill
160716,,,2025-06-27,2.1532,2.1532,eastmoney:lsjz-backfill
160716,,,2025-06-30,2.1523,2.1523,eastmoney:lsjz-backfill
160716,,,2025-07-01,2.1624,2.1624,eastmoney:lsjz-backfill
160716,,,2025-07-02,2.1784,2.1784,eastmoney:lsjz-backfill
160716,,,2025-07-03,2.1836,2.1836,eastmoney:lsjz-backfill
160716,,,2025-07-04,2.2074,2.2074,eastmoney:lsjz-backfill
160716,,,2025-07-07,2.2116,2.2116,eastmoney:lsjz-backfill
160716,,,2025-07-08,2.2142,2.2142,eastmoney:lsjz-backfill
160716,,,2025-07-09,2.2151,2.2151,eastmoney:lsjz-backfill
160716,,,2025-07-10,2.2373,2.2373,eastmoney:lsjz-backfill
160716,,,2025-07-11,2.2254,2.2254,eastmoney:lsjz-backfill
160716,,,2025-07-14,2.236,2.236,eastmoney:lsjz-backfill
160716,,,2025-07-15,2.2249,2.2249,eastmoney:lsjz-backfill
160716,,,2025-07-16,2.2133,2.2133,eastmoney:lsjz-backfill
160716,,,2025-07-17,2.2127,2.2127,eastmoney:lsjz-backfill
160716,,,2025-07-18,2.225,2.225,eastmoney:lsjz-backfill
160716,,,2025-07-21,2.2366,2.2366,eastmoney:lsjz-backfill
160716,,,2025-07-22,2.2545,2.2545,eastmoney:lsjz-backfill
160716,,,2025-07-23,2.2574,2.2574,eastmoney:lsjz-backfill
160716,,,2025-07-24,2.2562,2.2562,eastmoney:lsjz-backfill
160716,,,2025-07-25,2.2357,2.2357,eastmoney:lsjz-backfill
160716,,,2025-07-28,2.235,2.235,eastmoney:lsjz-backfill
160716,,,2025-07-29,2.2267,2.2267,eastmoney:lsjz-backfill
160716,,,2025-07-30,2.2343,2.2343,eastmoney:lsjz-backfill
160716,,,2025-07-31,2.2005,2.2005,eastmoney:lsjz-backfill
160716,,,2025-08-01,2.1901,2.1901,eastmoney:lsjz-backfill
160716,,,2025-08-04,2.1969,2.1969,eastmoney:lsjz-backfill
160716,,,2025-08-05,2.2203,2.2203,eastmoney:lsjz-backfill
160716,,,2025-08-06,2.2179,2.2179,eastmoney:lsjz-backfill
160716,,,2025-08-07,2.2229,2.2229,eastmoney:lsjz-backfill
160716,,,2025-08-08,2.225,2.225,eastmoney:lsjz-backfill
160716,,,2025-08-11,2.2163,2.2163,eastmoney:lsjz-backfill
160716,,,2025-08-12,2.2234,2.2234,eastmoney:lsjz-backfill
160716,,,2025-08-13,2.2168,2.2168,eastmoney:lsjz-backfill
160716,,,2025-08-14,2.2211,2.2211,eastmoney:lsjz-backfill
160716,,,2025-08-15,2.2142,2.2142,eastmoney:lsjz-backfill
160716,,,2025-08-18,2.2175,2.2175,eastmoney:lsjz-backfill
160716,,,2025-08-19,2.2141,2.2141,eastmoney:lsjz-backfill
160716,,,2025-08-20,2.2303,2.2303,eastmoney:lsjz-backfill
160716,,,2025-08-21,2.2397,2.2397,eastmoney:lsjz-backfill
160716,,,2025-08-22,2.2528,2.2528,eastmoney:lsjz-backfill
160716,,,2025-08-25,2.2818,2.2818,eastmoney:lsjz-backfill
160716,,,2025-08-26,2.2667,2.2667,eastmoney:lsjz-backfill
160716,,,2025-08-27,2.2199,2.2199,eastmoney:lsjz-backfill
160716,,,2025-08-28,2.2281,2.2281,eastmoney:lsjz-backfill
160716,,,2025-08-29,2.2301,2.2301,eastmoney:lsjz-backfill
160716,,,2025-09-01,2.2083,2.2083,eastmoney:lsjz-backfill
160716,,,2025-09-02,2.2237,2.2237,eastmoney:lsjz-backfill
160716,,,2025-09-03,2.202,2.202,eastmoney:lsjz-backfill
160716,,,2025-09-04,2.2018,2.2018,eastmoney:lsjz-backfill
160716,,,2025-09-05,2.2025,2.2025,eastmoney:lsjz-backfill
160716,,,2025-09-08,2.1985,2.1985,eastmoney:lsjz-backfill
160716,,,2025-09-09,2.2016,2.2016,eastmoney:lsjz-backfill
160716,,,2025-09-10,2.2018,2.2018,eastmoney:lsjz-backfill
160716,,,2025-09-11,2.2205,2.2205,eastmoney:lsjz-backfill
160716,,,2025-09-12,2.2033,2.2033,eastmoney:lsjz-backfill
160716,,,2025-09-15,2.1994,2.1994,eastmoney:lsjz-backfill
160716,,,2025-09-16,2.1847,2.1847,eastmoney:lsjz-backfill
160716,,,2025-09-17,2.1914,2.1914,eastmoney:lsjz-backfill
160716,,,2025-09-18,2.1529,2.1529,eastmoney:lsjz-backfill
160716,,,2025-09-19,2.1595,2.1595,eastmoney:lsjz-backfill
160716,,,2025-09-22,2.1477,2.1477,eastmoney:lsjz-backfill
160716,,,2025-09-23,2.1549,2.1549,eastmoney:lsjz-backfill
160716,,,2025-09-24,2.1521,2.1521,eastmoney:lsjz-backfill
160716,,,2025-09-25,2.1429,2.1429,eastmoney:lsjz-backfill
160716,,,2025-09-26,2.1385,2.1385,eastmoney:lsjz-backfill
160716,,,2025-09-29,2.1444,2.1444,eastmoney:lsjz-backfill
160716,,,2025-09-30,2.14,2.14,eastmoney:lsjz-backfill
160716,,,2025-10-09,2.1562,2.1562,eastmoney:lsjz-backfill
160716,,,2025-10-10,2.1547,2.1547,eastmoney:lsjz-backfill
160716,,,2025-10-13,2.1457,2.1457,eastmoney:lsjz-backfill
160716,,,2025-10-14,2.1669,2.1669,eastmoney:lsjz-backfill
160716,,,2025-10-15,2.1847,2.1847,eastmoney:lsjz-backfill
160716,,,2025-10-16,2.1986,2.1986,eastmoney:lsjz-backfill
160716,,,2025-10-17,2.1764,2.1764,eastmoney:lsjz-backfill
160716,,,2025-10-20,2.1837,2.1837,eastmoney:lsjz-backfill
160716,,,2025-10-21,2.1971,2.1971,eastmoney:lsjz-backfill
160716,,,2025-10-22,2.204,2.204,eastmoney:lsjz-backfill
160716,,,2025-10-23,2.2179,2.2179,eastmoney:lsjz-backfill
160716,,,2025-10-24,2.2172,2.2172,eastmoney:lsjz-backfill
160716,,,2025-10-27,2.2277,2.2277,eastmoney:lsjz-backfill
160716,,,2025-10-28,2.2188,2.2188,eastmoney:lsjz-backfill
160716,,,2025-10-29,2.2129,2.2129,eastmoney:lsjz-backfill
160716,,,2025-10-30,2.2116,2.2116,eastmoney:lsjz-backfill
160716,,,2025-10-31,2.1875,2.1875,eastmoney:lsjz-backfill
160716,,,2025-11-03,2.2036,2.2036,eastmoney:lsjz-backfill
160716,,,2025-11-04,2.216,2.216,eastmoney:lsjz-backfill
160716,,,2025-11-05,2.2148,2.2148,eastmoney:lsjz-backfill
160716,,,2025-11-06,2.2216,2.2216,eastmoney:lsjz-backfill
160716,,,2025-11-07,2.2199,2.2199,eastmoney:lsjz-backfill
160716,,,2025-11-10,2.234,2.234,eastmoney:lsjz-backfill
160716,,,2025-11-11,2.2317,2.2317,eastmoney:lsjz-backfill
160716,,,2025-11-12,2.2411,2.2411,eastmoney:lsjz-backfill
160716,,,2025-11-13,2.251,2.251,eastmoney:lsjz-backfill
160716,,,2025-11-14,2.2396,2.2396,eastmoney:lsjz-backfill
160716,,,2025-11-17,2.2219,2.2219,eastmoney:lsjz-backfill
160716,,,2025-11-18,2.2087,2.2087,eastmoney:lsjz-backfill
160716,,,2025-11-19,2.2228,2.2228,eastmoney:lsjz-backfill
160716,,,2025-11-20,2.2283,2.2283,eastmoney:lsjz-backfill
160716,,,2025-11-21,2.1989,2.1989,eastmoney:lsjz-backfill
160716,,,2025-11-24,2.1821,2.1821,eastmoney:lsjz-backfill
160716,,,2025-11-25,2.1974,2.1974,eastmoney:lsjz-backfill
160716,,,2025-11-26,2.1911,2.1911,eastmoney:lsjz-backfill
160716,,,2025-11-27,2.1909,2.1909,eastmoney:lsjz-backfill
160716,,,2025-11-28,2.1815,2.1815,eastmoney:lsjz-backfill
160716,,,2025-12-01,2.1903,2.1903,eastmoney:lsjz-backfill
160716,,,2025-12-02,2.1916,2.1916,eastmoney:lsjz-backfill
160716,,,2025-12-03,2.181,2.181,eastmoney:lsjz-backfill
160716,,,2025-12-04,2.1801,2.1801,eastmoney:lsjz-backfill
160716,,,2025-12-05,2.1958,2.1958,eastmoney:lsjz-backfill
160716,,,2025-12-08,2.1972,2.1972,eastmoney:lsjz-backfill
160716,,,2025-12-09,2.1802,2.1802,eastmoney:lsjz-backfill
160716,,,2025-12-10,2.1721,2.1721,eastmoney:lsjz-backfill
160716,,,2025-12-11,2.1688,2.1688,eastmoney:lsjz-backfill
160716,,,2025-12-12,2.1734,2.1734,eastmoney:lsjz-backfill
160716,,,2025-12-15,2.1797,2.1797,eastmoney:lsjz-backfill
160716,,,2025-12-16,2.17,2.17,eastmoney:lsjz-backfill
160716,,,2025-12-17,2.1836,2.1836,eastmoney:lsjz-backfill
160716,,,2025-12-18,2.1954,2.1954,eastmoney:lsjz-backfill
160716,,,2025-12-19,2.1934,2.1934,eastmoney:lsjz-backfill
160716,,,2025-12-22,2.1881,2.1881,eastmoney:lsjz-backfill
160716,,,2025-12-23,2.1972,2.1972,eastmoney:lsjz-backfill
160716,,,2025-12-24,2.193,2.193,eastmoney:lsjz-backfill
160716,,,2025-12-25,2.2003,2.2003,eastmoney:lsjz-backfill
160716,,,2025-12-26,2.1982,2.1982,eastmoney:lsjz-backfill
160716,,,2025-12-29,2.2037,2.2037,eastmoney:lsjz-backfill
160716,,,2025-12-30,2.1936,2.1936,eastmoney:lsjz-backfill
160716,,,2025-12-31,2.1889,2.1889,eastmoney:lsjz-backfill
160716,,,2026-01-05,2.2086,2.2086,eastmoney:lsjz-backfill
160716,,,2026-01-06,2.234,2.234,eastmoney:lsjz-backfill
160716,,,2026-01-07,2.2179,2.2179,eastmoney:lsjz-backfill
160716,,,2026-01-08,2.2009,2.2009,eastmoney:lsjz-backfill
160716,,,2026-01-09,2.1989,2.1989,eastmoney:lsjz-backfill
160716,,,2026-01-12,2.1948,2.1948,eastmoney:lsjz-backfill
160716,,,2026-01-13,2.1953,2.1953,eastmoney:lsjz-backfill
160716,,,2026-01-14,2.168,2.168,eastmoney:lsjz-backfill
160716,,,2026-01-15,2.1602,2.1602,eastmoney:lsjz-backfill
160716,,,2026-01-16,2.143,2.143,eastmoney:lsjz-backfill
160716,,,2026-01-19,2.1385,2.1385,eastmoney:lsjz-backfill
160716,,,2026-01-20,2.1583,2.1583,eastmoney:lsjz-backfill
160716,,,2026-01-21,2.135,2.135,eastmoney:lsjz-backfill
160716,,,2026-01-22,2.128,2.128,eastmoney:lsjz-backfill
160716,,,2026-01-23,2.1107,2.1107,eastmoney:lsjz-backfill
160716,,,2026-01-26,2.123,2.123,eastmoney:lsjz-backfill
160716,,,2026-01-27,2.1156,2.1156,eastmoney:lsjz-backfill
160716,,,2026-01-28,2.1138,2.1138,eastmoney:lsjz-backfill
160716,,,2026-01-29,2.1522,2.1522,eastmoney:lsjz-backfill
160716,,,2026-01-30,2.1343,2.1343,eastmoney:lsjz-backfill
160716,,,2026-02-02,2.1099,2.1099,eastmoney:lsjz-backfill
160716,,,2026-02-03,2.1119,2.1119,eastmoney:lsjz-backfill
160716,,,2026-02-04,2.1527,2.1527,eastmoney:lsjz-backfill
160716,,,2026-02-05,2.1597,2.1597,eastmoney:lsjz-backfill
160716,,,2026-02-06,2.1498,2.1498,eastmoney:lsjz-backfill
160716,,,2026-02-09,2.1635,2.1635,eastmoney:lsjz-backfill
160716,,,2026-02-10,2.1601,2.1601,eastmoney:lsjz-backfill
160716,,,2026-02-11,2.1611,2.1611,eastmoney:lsjz-backfill
160716,,,2026-02-12,2.1474,2.1474,eastmoney:lsjz-backfill
160716,,,2026-02-13,2.1231,2.1231,eastmoney:lsjz-backfill
160716,,,2026-02-24,2.1357,2.1357,eastmoney:lsjz-backfill
160716,,,2026-02-25,2.1409,2.1409,eastmoney:lsjz-backfill
160716,,,2026-02-26,2.1236,2.1236,eastmoney:lsjz-backfill
160716,,,2026-02-27,2.1241,2.1241,eastmoney:lsjz-backfill
160716,,,2026-03-02,2.1361,2.1361,eastmoney:lsjz-backfill
160716,,,2026-03-03,2.1496,2.1496,eastmoney:lsjz-backfill
160716,,,2026-03-04,2.1215,2.1215,eastmoney:lsjz-backfill
160716,,,2026-03-05,2.1328,2.1328,eastmoney:lsjz-backfill
160716,,,2026-03-06,2.1371,2.1371,eastmoney:lsjz-backfill
160716,,,2026-03-09,2.1238,2.1238,eastmoney:lsjz-backfill
160716,,,2026-03-10,2.1289,2.1289,eastmoney:lsjz-backfill
160716,,,2026-03-11,2.1536,2.1536,eastmoney:lsjz-backfill
160716,,,2026-03-12,2.158,2.158,eastmoney:lsjz-backfill
160716,,,2026-03-13,2.1646,2.1646,eastmoney:lsjz-backfill
160716,,,2026-03-16,2.1577,2.1577,eastmoney:lsjz-backfill
160716,,,2026-03-17,2.1643,2.1643,eastmoney:lsjz-backfill
160716,,,2026-03-18,2.1561,2.1561,eastmoney:lsjz-backfill
160716,,,2026-03-19,2.1436,2.1436,eastmoney:lsjz-backfill
160716,,,2026-03-20,2.128,2.128,eastmoney:lsjz-backfill
160716,,,2026-03-23,2.0676,2.0676,eastmoney:lsjz-backfill
160716,,,2026-03-24,2.0903,2.0903,eastmoney:lsjz-backfill
160716,,,2026-03-25,2.1022,2.1022,eastmoney:lsjz-backfill
160716,,,2026-03-26,2.0897,2.0897,eastmoney:lsjz-backfill
160716,,,2026-03-27,2.0924,2.0924,eastmoney:lsjz-backfill
160716,,,2026-03-30,2.0944,2.0944,eastmoney:lsjz-backfill
160716,,,2026-03-31,2.0984,2.0984,eastmoney:lsjz-backfill
160716,,,2026-04-01,2.1113,2.1113,eastmoney:lsjz-backfill
160716,,,2026-04-02,2.1076,2.1076,eastmoney:lsjz-backfill
160716,,,2026-04-03,2.0858,2.0858,eastmoney:lsjz-backfill
160716,,,2026-04-07,2.0756,2.0756,eastmoney:lsjz-backfill
160716,,,2026-04-08,2.1062,2.1062,eastmoney:lsjz-backfill
160716,,,2026-04-09,2.0853,2.0853,eastmoney:lsjz-backfill
160716,,,2026-04-10,2.0933,2.0933,eastmoney:lsjz-backfill
160716,,,2026-04-13,2.0892,2.0892,eastmoney:lsjz-backfill
160716,,,2026-04-14,2.1056,2.1056,eastmoney:lsjz-backfill
160716,,,2026-04-15,2.1105,2.1105,eastmoney:lsjz-backfill
160716,,,2026-04-16,2.1136,2.1136,eastmoney:lsjz-backfill
160716,,,2026-04-17,2.1008,2.1008,eastmoney:lsjz-backfill
160716,,,2026-04-20,2.1044,2.1044,eastmoney:lsjz-backfill
160716,,,2026-04-21,2.1098,2.1098,eastmoney:lsjz-backfill
160716,,,2026-04-22,2.1038,2.1038,eastmoney:lsjz-backfill
160716,,,2026-04-23,2.1081,2.1081,eastmoney:lsjz-backfill
160716,,,2026-04-24,2.1018,2.1018,eastmoney:lsjz-backfill
160716,,,2026-04-27,2.0927,2.0927,eastmoney:lsjz-backfill
160716,,,2026-04-28,2.1027,2.1027,eastmoney:lsjz-backfill
160716,,,2026-04-29,2.1165,2.1165,eastmoney:lsjz-backfill
160716,,,2026-04-30,2.0988,2.0988,eastmoney:lsjz-backfill
160716,,,2026-05-06,2.0966,2.0966,eastmoney:lsjz-backfill
160716,,,2026-05-07,2.0919,2.0919,eastmoney:lsjz-backfill
160716,,,2026-05-08,2.0871,2.0871,eastmoney:lsjz-backfill
160716,,,2026-05-11,2.0993,2.0993,eastmoney:lsjz-backfill
160716,,,2026-05-12,2.0911,2.0911,eastmoney:lsjz-backfill
160716,,,2026-05-13,2.0854,2.0854,eastmoney:lsjz-backfill
160716,,,2026-05-14,2.0746,2.0746,eastmoney:lsjz-backfill
160716,,,2026-05-15,2.0612,2.0612,eastmoney:lsjz-backfill
160716,,,2026-05-18,2.0489,2.0489,eastmoney:lsjz-backfill
160716,,,2026-05-19,2.0528,2.0528,eastmoney:lsjz-backfill
160716,,,2026-05-20,2.034,2.034,eastmoney:lsjz-backfill
160716,,,2026-05-21,2.0233,2.0233,eastmoney:lsjz-backfill
160716,,,2026-05-22,2.0213,2.0213,eastmoney:lsjz-backfill
160716,,,2026-05-25,2.0249,2.0249,eastmoney:lsjz-backfill
160716,,,2026-05-26,2.0306,2.0306,eastmoney:lsjz-backfill
160716,,,2026-05-27,2.0229,2.0229,eastmoney:lsjz-backfill
160716,,,2026-05-28,2.0118,2.0118,eastmoney:lsjz-backfill
160716,,,2026-05-29,2.0427,2.0427,eastmoney:lsjz-backfill
160716,,,2026-06-01,2.0572,2.0572,eastmoney:lsjz-backfill
160716,,,2026-06-02,2.066,2.066,eastmoney:lsjz-backfill
160716,,,2026-06-03,2.0525,2.0525,eastmoney:lsjz-backfill
160716,,,2026-06-04,2.0359,2.0359,eastmoney:lsjz-backfill
160716,,,2026-06-05,2.0466,2.0466,eastmoney:lsjz-backfill
160716,,,2026-06-08,2.0396,2.0396,eastmoney:lsjz-backfill
160716,,,2026-06-09,2.041,2.041,eastmoney:lsjz-backfill
160716,,,2026-06-10,2.0468,2.0468,eastmoney:lsjz-backfill
160716,,,2026-06-11,2.038,2.038,eastmoney:lsjz-backfill
160716,,,2026-06-12,2.0614,2.0614,eastmoney:lsjz-backfill
160716,,,2026-06-15,2.0496,2.0496,eastmoney:lsjz-backfill
160716,,,2026-06-16,2.0257,2.0257,eastmoney:lsjz-backfill
160716,,,2026-06-17,2.0208,2.0208,eastmoney:lsjz-backfill
160716,,,2026-06-18,1.9704,1.9704,eastmoney:lsjz-backfill
160716,,,2026-06-22,2.0058,2.0058,eastmoney:lsjz-backfill
160716,,,2026-06-23,1.9877,1.9877,eastmoney:lsjz-backfill
160716,,,2026-06-24,1.9553,1.9553,eastmoney:lsjz-backfill
160716,,,2026-06-25,1.9457,1.9457,eastmoney:lsjz-backfill
160716,,,2026-06-26,1.9198,1.9198,eastmoney:lsjz-backfill
160716,,,2026-06-29,1.9398,1.9398,eastmoney:lsjz-backfill
160716,,,2026-06-30,1.9142,1.9142,eastmoney:lsjz-backfill
160716,,,2026-07-01,1.9362,1.9362,eastmoney:lsjz-backfill
160716,,,2026-07-02,1.9507,1.9507,eastmoney:lsjz-backfill
160716,,,2026-07-03,1.9573,1.9573,eastmoney:lsjz-backfill
160716,,,2026-07-06,1.9809,1.9809,eastmoney:lsjz-backfill
160716,,,2026-07-07,1.964,1.964,eastmoney:lsjz-backfill
160716,,,2026-07-08,1.9766,1.9766,eastmoney:lsjz-backfill
160716,,,2026-07-09,1.9737,1.9737,eastmoney:lsjz-backfill
160716,,,2026-07-10,1.9803,1.9803,eastmoney:lsjz-backfill
160716,,,2026-07-13,1.9901,1.9901,eastmoney:lsjz-backfill
160716,,,2026-07-14,2.0081,2.0081,eastmoney:lsjz-backfill
160716,,,2026-07-15,2.0328,2.0328,eastmoney:lsjz-backfill
160716,,,2026-07-16,2.0215,2.0215,eastmoney:lsjz-backfill
160716,,,2026-07-17,2.0264,2.0264,eastmoney:lsjz-backfill
160716,,,2026-07-20,2.0807,2.0807,eastmoney:lsjz-backfill
160716,,,2026-07-21,2.0623,2.0623,eastmoney:lsjz-backfill
160716,,,2026-07-22,2.083,2.083,eastmoney:lsjz-backfill
160716,,,2026-07-23,2.0933,2.0933,eastmoney:lsjz-backfill
160716,,,2026-07-24,2.0827,2.0827,eastmoney:lsjz-backfill
160716,,,2026-07-27,2.0832,2.0832,eastmoney:lsjz-backfill
160716,,,2026-07-28,2.1003,2.1003,eastmoney:lsjz-backfill
160716,,,2026-07-29,2.1103,2.1103,eastmoney:lsjz-backfill
160716,,,2026-07-30,2.15,2.15,eastmoney:lsjz-backfill
160716,,,2026-07-31,2.1332,2.1332,eastmoney:lsjz-backfill
160716,,,2026-08-03,2.1381,2.1381,eastmoney:lsjz-backfill
160716,,,2026-08-04,2.0949,2.0949,eastmoney:lsjz-backfill
160716,,,2026-08-05,2.0865,2.0865,eastmoney:lsjz-backfill
160716,,,2026-08-06,2.0868,2.0868,eastmoney:lsjz-backfill
160716,,,2026-08-07,2.0802,2.0802,eastmoney:lsjz-backfill
160716,,,2026-08-10,2.092,2.092,eastmoney:lsjz-backfill
160716,,,2026-08-11,2.081,2.081,eastmoney:lsjz-backfill
160716,,,2026-08-12,2.0752,2.0752,eastmoney:lsjz-backfill
160716,,,2026-08-13,2.0709,2.0709,eastmoney:lsjz-backfill
160716,,,2026-08-14,2.0584,2.0584,eastmoney:lsjz-backfill
160716,,,2026-08-17,2.0578,2.0578,eastmoney:lsjz-backfill
160716,,,2026-08-18,2.0647,2.0647,eastmoney:lsjz-backfill
160716,,,2026-08-19,2.0789,2.0789,eastmoney:lsjz-backfill
160716,,,2026-08-20,2.0855,2.0855,eastmoney:lsjz-backfill
160716,,,2026-08-21,2.0846,2.0846,eastmoney:lsjz-backfill
160716,,,2026-08-24,2.106,2.106,eastmoney:lsjz-backfill
160716,,,2026-08-25,2.1033,2.1033,eastmoney:lsjz-backfill
160716,,,2026-08-26,2.1181,2.1181,eastmoney:lsjz-backfill
160716,,,2026-08-27,2.1054,2.1054,eastmoney:lsjz-backfill
160716,,,2026-08-28,2.1023,2.1023,eastmoney:lsjz-backfill
160716,,,2026-08-31,2.1074,2.1074,eastmoney:lsjz-backfill
160716,,,2026-09-01,2.1273,2.1273,eastmoney:lsjz-backfill
160716,,,2026-09-02,2.1127,2.1127,eastmoney:lsjz-backfill
160716,,,2026-09-03,2.1186,2.1186,eastmoney:lsjz-backfill
160716,,,2026-09-04,2.1313,2.1313,eastmoney:lsjz-backfill
160716,,,2026-09-07,2.105,2.105,eastmoney:lsjz-backfill
160716,,,2026-09-08,2.1091,2.1091,eastmoney:lsjz-backfill
160716,,,2026-09-09,2.1167,2.1167,eastmoney:lsjz-backfill
160716,,,2026-09-10,2.1265,2.1265,eastmoney:lsjz-backfill
160716,,,2026-09-11,2.1124,2.1124,eastmoney:lsjz-backfill
160716,,,2026-09-14,2.1149,2.1149,eastmoney:lsjz-backfill
160716,,,2026-09-15,2.0932,2.0932,eastmoney:lsjz-backfill
160716,,,2026-09-16,2.0828,2.0828,eastmoney:lsjz-backfill
160716,,,2026-09-17,2.0787,2.0787,eastmoney:lsjz-backfill
160716,,,2026-09-18,2.0803,2.0803,eastmoney:lsjz-backfill
160716,,,2026-09-21,2.0905,2.0905,eastmoney:lsjz-backfill
160716,,,2026-09-22,2.0943,2.0943,eastmoney:lsjz-backfill
160716,,,2026-09-23,2.0845,2.0845,eastmoney:lsjz-backfill
160716,,,2026-09-24,2.0757,2.0757,eastmoney:lsjz-backfill
160716,,,2026-09-28,2.0694,2.0694,eastmoney:lsjz-backfill
160716,,,2026-09-29,2.0714,2.0714,eastmoney:lsjz-backfill
160716,,,2026-09-30,2.0966,2.0966,eastmoney:lsjz-backfill
160716,,,2026-10-08,2.1074,2.1074,eastmoney:lsjz-backfill
160716,,,2026-10-09,2.106,2.106,eastmoney:lsjz-backfill
